"","CTCGGAATTACTGGGCGTAAAGCGTGCGTAGGTGGTCGTTTAAGTCCGTTGTGAAAGCCCTGGGCTCAACCTGGGAACTGCAGTGGATACTGGGCGACTAGAGTGTGGTAGAGGGTAGCGGAATTCCTGGTGTAGCAGTGAAATGCGTAGAGATCAGGAGGAACATCCATGGCGAAGGCAGCTACCTGGACCAACACTGACACTGAGGCACGA","ATCGGATTTACTGGGCGTAAAGCGTGCGTAGGCGGCTTTTTAAGTCGGATGTGAAATCCCCGAGCTTAACTTGGGAATTGCATTCGATACTGGGAAGCTAGAGTATGGGAGAGGATGGTAGAATTCCAGGTGTAGCGGTGAAATGCGTAGAGATCTGGAGGAATACCGATGGCGAAGGCAGCCATCTGGCCTAATACTGACGCTGAGGTACGA","ATCGGAATTACTGGGCGTAAAGCGCGCGTAGGTGGTTTGTTAAGTTGGATGTGAAATCCCCGGGCTCAACCTGGGAACTGCATTCAAAACTGACTGACTAGAGTATGGTAGAGGGTGGTGGAATTTCCTGTGTAGCGGTGAAATGCGTAGATATAGGAAGGAACACCAGTGGCGAAGGCGACCACCTGGACTAATACTGACACTGAGGTGCGA","TCCGGAATTATTGGGCGTAAAGAGCTCGTAGGCGGTTTGTCGCGTCTGGTGTGAAAACTCGAGGCTCAACCTCGAGCTTGCATCGGGTACGGGCAGACTAGAGTGCGGTAGGGGAGACTGGAATTCCTGGTGTAGCGGTGGAATGCGCAGATATCAGGAGGAACACCGATGGCGAAGGCAGGTCTCTGGGCCGCAACTGACGCTGAGGAGCGA","ATCGGATTTACTGGGCGTAAAGCGCGCGTAGGTGGTTAATTAAGTCAAATGTGAAATCCCCGAGCTTAACTTGGGAATTGCATTCGATACTGGTTAGCTAGAGTATGGGAGAGGATGGTAGAATTCCAGGTGTAGCGGTGAAATGCGTAGAGATCTGGAGGAATACCGATGGCGAAGGCAGCCATCTGGCCTAATACTGACACTGAGGTGCGA","TTCGGAATTACTGGGCGTAAAGCGCACGTAGGCGGATATTTAAGTCAGGGGTGAAATCCCAGAGCTCAACTCTGGAACTGCCTTTGATACTGGGTATCTTGAGTATGGAAGAGGTAAGTGGAATTCCGAGTGTAGAGGTGAAATTCGTAGATATTCGGAGGAACACCAGTGGCGAAGGCGGCTTACTGGTCCATTACTGACGCTGAGGTGCGA","ATCGGATTTACTGGGCGTAAAGCGCGCGTAGGTGGCCAATTAAGTCAAATGTGAAATCCCCGAGCTTAACTTGGGAATTGCATTCGATACTGGTTGGCTAGAGTATGGGAGAGGATGGTAGAATTCCAGGTGTAGCGGTGAAATGCGTAGAGATCTGGAGGAATACCGATGGCGAAGGCAGCCATCTGGCCTAATACTGACACTGAGGTGCGA","ATCGGAATTACTGGGCGTAAAGCGTGCGCAGGCGGTTATGTAAGACAGATGTGAAATCCCCGGGCTCAACCTGGGAACTGCATTTGTGACTGCATGGCTAGAGTACGGTAGAGGGGGATGGAATTCCGCGTGTAGCAGTGAAATGCGTAGATATGCGGAGGAACACCGATGGCGAAGGCAATCCCCTGGACCTGTACTGACGCTCATGCACGA","TCCGGAATTATTGGGCGTAAAGCGCGCGTAGGCGGTTTTTTAAGTCTGATGTGAAAGCCCACGGCTCAACCGTGGAGGGTCATTGGAAACTGGAAAACTTGAGTGCAGAAGAGGAAAGTGGAATTCCATGTGTAGCGGTGAAATGCGCAGAGATATGGAGGAACACCAGTGGCGAAGGCGACTTTCTGGTCTGTAACTGACGCTGATGTGCGA","ATCGGAATTACTGGGCGTAAAGCGTGCGCAGGCGGTTGTGTAAGACAGGTGTGAAATCCCCGGGCTTAACCTGGGAACTGCGCTTGTGACTGCACAGCTAGAGTATGGCAGAGGGGGGTGGAATTCCACGTGTAGCAGTGAAATGCGTAGAGATGTGGAGGAACACCGATGGCGAAGGCAGCCCCCTGGGCCAATACTGACGCTCATGCACGA","TCCGGATTTATTGGGCGTAAAGAGAGTGCAGGCGGTTTTCTAAGTCTGATGTGAAAGCCTTCGGCTTAACCGGAGAAGTGCATCGGAAACTGGATAACTTGAGTGCAGAAGAGGGTAGTGGAACTCCATGTGTAGCGGTGGAATGCGTAGATATATGGAAGAACACCAGTGGCGAAGGCGGCTACCTGGTCTGCAACTGACGCTGAGACTCGA","TTCGGAATTACTGGGCGTAAAGCGCACGTAGGCGGGTATTTAAGTCAGGGGTGAAATCCCGGAGCTCAACTCCGGAACTGCCTTTGATACTGGGTACCTAGAGTATGGAAGAGGTAAGTGGAATTCCGAGTGTAGAGGTGAAATTCGTAGATATTCGGAGGAACACCAGTGGCGAAGGCGGCTTACTGGTCCATTACTGACGCTGAGGTGCGA","TCCGGATTTATTGGGTTTAAAGGGTGCGTAGGCGGCCTGTTAAGTCAGGGGTGAAAGACGGTGGCTCAACCATCGCAGTGCCCTTGATACTGATGGGCTTGAATGGACTAGAGGTAGGCGGAATGTGACAAGTAGCGGTGAAATGCATAGATATGTCACAGAACACCGATTGCGAAGGCAGCTTACTATGGTCCTATTGACGCTGAGGCACGA","ATCGGAATTACTGGGCGTAAAGCGCACGCAGGCGGTTTGTTAAGTCAGATGTGAAATCCCCGGGCTCAACCTGGGAACTGCATCTGATACTGGCAAGCTTGAGTCTCGTAGAGGGGGGTAGAATTCCAGGTGTAGCGGTGAAATGCGTAGAGATCTGGAGGAATACCGGTGGCGAAGGCGGCCCCCTGGACGAAGACTGACGCTCAGGTGCGA","TCCGGAATGATTGGGCGTAAAGCGTCTGTAGGTGGCTTTTCAAGTCCGCCGTCAAATCCCAGGGCTCAACCCTGGACAGGCGGTGGAAACTACCAAGCTGGAGTACGGTAGGGGCAGAGGGAATTTCCGGTGGAGCGGTGAAATGCGTAGAGATCGGAAAGAACACCAACGGCGAAAGCACTCTGCTGGGCCGACACTGACACTGAGAGACGA","TCCGGATTTATTGGGCGTAAAGCGCGCGCAGGCGGTCTTTTAAGTCTGATGTGAAAGCCCCCGGCTTAACCGGGGAGGGTCATTGGAAACTGGAAGACTGGAGTGCAGAAGAGGAGAGTGGAATTCCACGTGTAGCGGTGAAATGCGTAGATATGTGGAGGAACACCAGTGGCGAAGGCGACTCTCTGGTCTGTAACTGACGCTGAGGCGCGA","ATCGGAATTACTGGGCGTAAAGCGCACGCAGGCGGTCTGTCAAGTCGGATGTGAAATCCCCGGGCTCAACCTGGGAACTGCATTCGAAACTGGCAGGCTTGAGTCTTGTAGAGGGGGGTAGAATTCCAGGTGTAGCGGTGAAATGCGTAGAGATCTGGAGGAATACCGGTGGCGAAGGCGGCCCCCTGGACAAAGACTGACGCTCAGGTGCGA","TCCGGATTTATTGGGCGTAAAGCGAGCGCAGGCGGTTTCTTAAGTCTGATGTGAAAGCCCCCGGCTCAACCGGGGAGGGTCATTGGAAACTGGGAGACTTGAGTGCAGAAGAGGAGAGTGGAATTCCATGTGTAGCGGTGAAATGCGTAGATATATGGAGGAACACCAGTGGCGAAGGCGGCTCTCTGGTCTGTAACTGACGCTGAGGCTCGA","TCCGGAATTATTGGGCGTAAAGGGCTCGCAGGCGGTTCCTTAAGTCTGATGTGAAAGCCCCCGGCTCAACCGGGGAGGGTCATTGGAAACTGGGGAACTTGAGTGCAGAAGAGGAGAGTGGAATTCCACGTGTAGCGGTGAAATGCGTAGAGATGTGGAGGAACACCAGTGGCGAAGGCGACTCTCTGGTCTGTAACTGACGCTGAGGAGCGA","ATCGGAATTACTGGGCGTAAAGCGTGCGCAGGCGGTTTTGTAAGACAGTGGTGAAATCCCCGGGCTCAACCTGGGAACTGCCATTGTGACTGCAAAGCTAGAGTGCGGCAGAGGGGGATGGAATTCCGCGTGTAGCAGTGAAATGCGTAGATATGCGGAGGAACACCGATGGCGAAGGCAATCCCCTGGGCCTGCACTGACGCTCATGCACGA","ATCGGAATTACTGGGCGTAAAGCGCGCGTAGGTGGTTCGTTAAGTTGGATGTGAAATCCCCGGGCTCAACCTGGGAACTGCATCCAAAACTGGCGAGCTAGAGTAGGGCAGAGGGTGGTGGAATTTCCTGTGTAGCGGTGAAATGCGTAGATATAGGAAGGAACACCAGTGGCGAAGGCGACCACCTGGGCTCATACTGACACTGAGGTGCGA","TCCGGAATCATTGGGTTTAAAGGGTCCGTAGGCGGTTTAATAAGTCAGTGGTGAAAGCCCATCGCTCAACGGTGGAACGGCCATTGATACTGTTAAACTTGAATTATTAGGAAGTAACTAGAATATGTAGTGTAGCGGTGAAATGCTTAGAGATTACATGGAATACCAATTGCGAAGGCAGGTTACTACTAATGGATTGACGCTGATGGACGA","ATCGGAATTACTGGGCGTAAAGCGCGCGTAGGTGGTTCAGCAAGTTGGATGTGAAATCCCCGGGCTCAACCTGGGAACTGCATCCAAAACTACTGAGCTAGAGTACGGTAGAGGGTGGTGGAATTTCCTGTGTAGCGGTGAAATGCGTAGATATAGGAAGGAACACCAGTGGCGAAGGCGACCACCTGGACTGATACTGACACTGAGGTGCGA","ATCGGAATTACTGGGCGTAAAGCGCGCGTAGGTGGTTCGTTAAGTTGGATGTGAAAGCCCCGGGCTCAACCTGGGAACTGCATCCAAAACTGGCGAGCTAGAGTACGGTAGAGGGTGGTGGAATTTCCTGTGTAGCGGTGAAATGCGTAGATATAGGAAGGAACACCAGTGGCGAAGGCGACCACCTGGACTGATACTGACACTGAGGTGCGA","TCCGGAATCATTGGGTTTAAAGGGTCCGTAGGCGGCCCTGTAAGTCAGCGGTGAAATCTTCCAGCTCAACTGGGAAACTGCCGTTGATACTGCAGGGCTTGAATTGCCGGGAAGTAACTAGAATATGTAGTGTAGCGGTGAAATGCTTAGATATTACATGGAATACCGATTGCGAAGGCAGGTTACTACCGGCGGATTGACGCTGATGGACGA","TTCGGAATTACTGGGCGTAAAGCGCACGTAGGCGGCTTTGTAAGTTAGAGGTGAAAGCCCAGAGCTCAACTCTGGAATTGCCTTTAAGACTGCATCGCTTGAATCCAGGAGAGGTGAGTGGAATTCCGAGTGTAGAGGTGAAATTCGTAGATATTCGGAAGAACACCAGTGGCGAAGGCGGCTCACTGGACTGGTATTGACGCTGAGGTGCGA","ATCGGAATTACTGGGCGTAAAGCGCACGCAGGCGGCTTTTTAAGTCGGATGTGAAAGCCCCGGGCTCAACCTGGGAATTGCATCTGATACTGGGAAGCTAGAGTATGTGAGAGGGGGGTAGAATTCCAAGTGTAGCGGTGAAATGCGTAGAGATTTGGAGGAATACCAGTGGCGAAGGCGGCCCCCTGGCACAATACTGACGCTCAGGTGCGA","TTCGGAATTACTGGGCGTAAAGCGTACGTAGGCGGTTATTCAAGTCAGAGGTGAAAGCCCGGGGCTCAACCCCGGAACTGCCTTTGAAACTAGATAACTTGAATCTTGGAGAGGCGAGTGGAATTCCGAGTGTAGAGGTGAAATTCGTAGATATTCGGAAGAACACCAGTGGCGAAGGCGACTCGCTGGACAAGTATTGACGCTGAGGTACGA","CTCGGAATTACTGGGCGTAAAGGGAGCGTAGGCGGACATTTAAGTCAGGGGTGAAATCCCGGGGCTCAACCTCGGAATTGCCTTTGATACTGGGTGTCTTGAGTATGAGAGAGGTGTGTGGAACTCCGAGTGTAGAGGTGAAATTCGTAGATATTCGGAAGAACACCAGTGGCGAAGGCGACACACTGGCTCATTACTGACGCTGAGGCTCGA","ATCGGAATTACTGGGCGTAAAGCGTGCGCAGGCGGTTTTGTAAGACAGGCGTGAAATCCCCGGGCTCAACCTGGGAATTGCGCTTGTGACTGCAAGGCTGGAGTGCGGCAGAGGGGGATGGAATTCCGCGTGTAGCAGTGAAATGCGTAGATATGCGGAGGAACACCGATGGCGAAGGCAATCCCCTGGGCCTGCACTGACGCTCATGCACGA","TCCGGAATTATTGGGCGTAAAGAGCTCGTAGGCGGTTGGTCGCGTCTGCTGTGAAATCCCGAGGCTCAACCTCGGGTCTGCAGTGGGTACGGGCCAGCTAGAGTGCGGTAGGGGAGAATGGAATTCCTGGTGTAGCGGTGGAATGCGCAGATATCAGGAGGAACACCGATGGCGAAGGCAGTTCTCTGGGCCGTTACTGACGCTGAGGAGCGA","TCCGGAATCATTGGGTTTAAAGGGTCCGTAGGCGGTTTTGTAAGTCAGTGGTGAAATCCGGCAGCTCAACTGTCGAACTGCCATTGATACTGCAGGACTTGAATTATTGTGAAGTAACTAGAATATGTAGTGTAGCGGTGAAATGCTTAGATATTACATGGAATACCAATTGCGAAGGCAGGTTACTAACAATATATTGACGCTGATGGACGA","ATCGGAATTACTGGGCGTAAAGCGCACGCAGGCGGTCTGTCAAGTCGGATGTGAAATCCCCGGGCTCAACCTGGGAACTGCATTCGAAACTGGCAGGCTTGAGTCTTGTAGAGGGGGGGAGAATTCCAGGTGTAGCGGTGAAATGCGTAGAGATCTGGAGGAATACCGGTGGCGAAGGCGGCCCCCTGGACAAAGACTGACGCTCAGGTGCGA","ATCGGAATTACTGGGCGTAAAGCGTGCGCAGGCGGTTTTGTAAGACAGTGGTGAAATCCCCGAGCTCAACCTGGGAACTGCCATTGTGACTGCAAAGCTAGAGTGCGGCAGAGGGGGATGGAATTCCGCGTGTAGCAGTGAAATGCGTAGATATGCGGAGGAACACCGATGGCGAAGGCAATCCCCTGGGCCTGCACTGACGCTCATGCACGA","TATGGTAATTGTGTGTCAGCCGCCGCGGTAACACGATTAACCCAAGTCAATAGAAGCCGGCGTAAAGAGTGTTTTAGATCACCCCCTCCCCAATAAAGCTAAAACTCACCTGAGTTGTAAAAAACTCCAGTTGACACAAAATAGACTACGAAAGTGGCTTTAACATATCTGAACACACAATAGCTAAGACCCAAACTGGGATTAGAAACCCGAGTAGTCCGGCTGGCTGACTATCTCGTATGCCGTCTTCTGCTTGAAAAA","TCCGGAATCATTGGGTTTAAAGGGTCCGCAGGCGGGTTTATAAGTCAGTGGTGAAAGCCTACAGCTCAACTGTAGAACTGCCATTGAAACTGTAGATCTTGAATTCGGTCGAAGTGGGCGGAATATGACATGTAGCGGTGAAATGCTTAGATATGTCATAGAACACCGATAGCGAAGGCAGCTCACTAGGCCTGGATTGACGCTCAGGGACGA","TCCGGAATTATTGGGCGTAAAGAGCTCGTAGGCGGTTTGTCGCGTCTGCTGTGAAAATCCGAGGCTCAACCTCGGACCTGCAGTGGGTACGGGCAAACTAGAGTGCGGTAGGGGAGATGGGAATTCCTGGTGTAGCGGTGGAATGCGCAGATATCAGGAGGAACACCGATGGCGAAGGCACATCTCTGGGCCGTAACTGACGCTGAGGAGCGA","TATGGTAATTGTGTGCCAGCAGCCGCGGTAACACGATTAACCCAAGTCAATAGAAGCCGGCGTAAAGAGTGTTTTAGATCACCCCCTCCCCAATAAAGCTAAAACTCACCTGAGTTGTAAAAAACTCCAGTTGACACAAAATAGACTACGAAAGTGGCTTTAACATATCTGAACACACAATAGCTAAGACCCAAACTGGGATTAGAAACCCTTGTAGTCCGGCTGGCTGACTATCTCGTATGCCGTCTTCTGCTTGAAAAA","TCCGGATTTATTGGGTTTAAAGGGTGCGTAGGCGGTTCTTTAAGTCAGAGGTGAAAGACGGCAGCTTAACTGTCGCAGTGCCTTTGATACTGAAGAACTTGAATTGGGTTGAGGAATGCGGAATGAGACAAGTAGCGGTGAAATGCATAGATATGTCTCAGAACCCCGATTGCGAAGGCAGCATTCCAAGCCTATATTGACGCTGATGCACGA","ATCGGAATTACTGGGCGTAAAGCGTGCGCAGGCGGTTATGCAAGACAGAGGTGAAATCCCCGGGCTCAACCTGGGAACTGCCTTTGTGACTGCATAGCTAGAGTGCGGCAGAGGGGGATGGAATTCCGCGTGTAGCAGTGAAATGCGTAGATATGCGGAGGAACACCGATGGCGAAGGCAATCCCCTGGGCCTGCACTGACGCTCATGCACGA","TTCGGAATGACTAGGCGTAAAGGGCACTACGGCAGTGAATCGGGTTGCAAGTTCAAGTCGCCAAAAACCGGCGGAATGCTCTCGAAACCAATTCACTTGAGTGAGACAGAGGAGAGTTTCATTTCGTGTGTAGGGGTTAAATCCGTAGATCTACGAAGGAAGGCCAAAAGCGAAGGCAGCTCTTTGGGTCCCTACTGACGCTGAGGTGCGA","TTCGGAATTACTGGGCGTAAAGCGCACGTAGGCGGATCAGAAAGTCAGAGGTGAAATCCCAGGGCTCAACCCTGGAACTGCCTTTGAAACTCCTGATCTTGAGTTCGAGAGAGGTGAGTGGAATTCCGAGTGTAGAGGTGAAATTCGTAGATATTCGGAGGAACACCAGTGGCGAAGGCGGCTCACTGGCTCGATACTGACGCTGAGGTGCGA","TCCGGATTTACTGGGTGTAAAGGGAGCGTAGACGGCAGCGCAAGTCTGGAGTGAAATGCCGGGGCCCAACCCCGGAACTGCTTTGGAAACTGTGCAGCTCGAGTGCAGGAGAGGTAAGCGGAATTCCTAGTGTAGCGGTGAAATGCGTAGATATTAGGAGGAACACCAGTGGCGAAGGCGGCTTACTGGACTGTAACTGACGTTGAGGCTCGA","TCCGGAATTACTGGGCGTAAAGAGCTCGTAGGTGGTTTGTCGCGTCGTTTGTGTAAGCCCGCAGCTTAACTGCGGGACTGCAGGCGATACGGGCATAACTTGAGTGCTGTAGGGGAGACTGGAATTCCTGGTGTAGCGGTGGAATGCGCAGATATCAGGAGGAACACCGATGGCGAAGGCAGGTCTCTGGGCAGTAACTGACGCTGAGGAGCGA","TTCGGAATCATTGGGCGTAAAGGGTGTGTAGGTGGCTATGTAAGTCAGGTGTGAAAGCCCCGGGCTCAACCCGGGAAGTGCATCTGATACTGCGTAGCTTGAGTACCGAAGAGGATAGTGGAATTCCAGGTGTAGTGGTGAAATACGTAGATATCTGGAGGAACACCGGTGGCGAAGGCGGCTATCTGGTCGAGTACTGACACTGAGACACGA","CTCGGAATCACTGGGCGTAAAGGGCGCGTAGGCGGCGTTTTAAGTCGGGGGTGAAAGCCTGTGGCTCAACCACAGAATGGCCTTCGATACTGGGACGCTTGAGTATGGTAGAGGTTGGTGGAACTGCGAGTGTAGAGGTGAAATTCGTAGATATTCGCAAGAACACCGGTGGCGAAGGCGGCCAACTGGACCATTACTGACGCTGAGGCGCGA","CTCGGAATTACTGGGCGTAAAGGGCGCGTAGGCGGATCGTTAAGTCAGGGGTGAAATCCCGGGGCTCAACCTCGGAACTGCCCTTGATACTGGCGATCTTGAGTATGAGAGAGGTATGTGGAACTCCGAGTGTAGAGGTGAAATTCGTAGATATTCGGAAGAACACCAGTGGCGAAGGCGACATACTGGCTCATTACTGACGCTGAGGCGCGA","TCCGGAATCATTGGGTTTAAAGGGTCCGCAGGCGGATTTATAAGTCAGTGGTGAAAGCCTACAGCTTAACTGTAGAACTGCCATTGATACTGTAAGTCTTGAATTCGGTCGAAGTGGGCGGAATGTGTAGTGTAGCGGTGAAATGCATAGATATTACACAGAACACCGATAGCGAAGGCAGCTCACTAGGCCTGGATTGACGCTCAGGGACGA","CTCGGAATCACTGGGCGTAAAGGGTGCGTAGGCGGGTCTTTAAGTCAGGGGTGAAATCCTGGAGCTCAACTCCAGAACTGCCTTTGATACTGAGGATCTTGAGTCCGGAAGAGGTGAGTGGAACTGCGAGTGTAGAGGTGAAATTCGTAGATATTCGCAAGAACACCAGTGGCGAAGGCGGCTCACTGGTCCGGTACTGACGCTGAGGCACGA","TTCATCTTTAATCGGTATAAAGGGTACCTAGACAGAATGCCAAGCCATAAAAGGAACTAGTATTCTAGAGTTTTATGTGGGAATATACGAATTACCAGAGAAGAGTTCAAATTTTATTATACTGGTAGGACGGGTAACGGCAAAGGCTGTATTCTAAGTAAAAACTGACGTTGAGGGACGAAGCCTTGGGCAGCGATAAGGATTAGAAAC","ATCGGAATTACTGGGCGTAAAGCGTGCGCAGGCGGTTATGCAAGACAGAGGTGAAATCCCCGGGCTCAACCTGGGAACTGCCTTTGTGACTGCATAGCTAGAGTACGGTAGAGGGGGATGGAATTCCGCGTGTAGCAGTGAAATGCGTAGATATGCGGAGGAACACCGATGGCGAAGGCAATCCCCTGGACCTGTACTGACGCTCATGCACGA","TCCGGATTTATTGGGCGTAAAGCGAGCGCAGACGGTTAATTAAGTCTGATGTGAAAGCCCGGAGCTCAACTCCGGAATGGCATTGGAAACTGGTTAACTTGAGTGCAGTAGAGGTAAGTGGAACTCCATGTGTAGCGGTGGAATGCGTAGATATATGGAAGAACACCAGTGGCGAAGGCGGCTTACTGGACTGTAACTGACGTTGAGGCTCGA","ATCGGAATTACTGGGCGTAAAGCGTGCGCAGGCGGTTGTGCAAGACCGATGTGAAATCCCCGAGCTTAACTTGGGAATTGCATTGGTGACTGCACGGCTAGAGTGTGTCAGAGGGGGGTAGAATTCCACGTGTAGCAGTGAAATGCGTAGAGATGTGGAGGAATACCGATGGCGAAGGCAGCCCCCTGGGATAACACTGACGCTCATGCACGA","TTCGGAATTACTGGGCGTAAAGCGCACGTAGGCGGCTTTGTAAGTTAGAGGTGAAAGCCTGGAGCTCAACTCCAGAATTGCCTTTAAGACTGCATCGCTTGAATCCAGGAGAGGTGAGTGGAATTCCGAGTGTAGAGGTGAAATTCGTAGATATTCGGAAGAACACCAGTGGCGAAGGCGGCTCACTGGACTGGTATTGACGCTGAGGTGCGA","ATCGGAATTACTGGGCGTAAAGCGCACGCAGGCGGTTTGTTAAGTCAGATGTGAAATCCCCGCGCTTAACGTGGGAACTGCATTTGAAACTGGCAAACTGGAGTCTTGTAGAGGGGGGTAGAATTCCAGGTGTAGCGGTGAAATGCGTAGAGATCTGGAGGAATACCGGTGGCGAAGGCGGCCCCCTGGACAAAGACTGACGCTCAGGTGCGA","CTCGGAATCACTGGGCGTAAAGGGCGCGTAGGCGGACTCTTAAGTCGGGGGTGAAAGCCCAGGGCTCAACCCTGGAATAGCCTTCGATACTGAGAGTCTTGAGTTCGGAAGAGGTTGGTGGAATTGCGAGTGTAGAGGTGAAATTCGTAGATATTCGCAAGAACACCAGTGGCGAAGGCGGCCAACTGGTCCGATACTGACGCTGAGGCGCGA","TTCATCTTTAATCGGTATAAAGGGTACCTAGACAGAATGCCAAGCCATAAAAGGAACTAGTATTCTAGAGTTTTATGTGGGAATATACGAATTACCAGAGAAGAGTTCAAATTTTATTATACTGGTAGGACGGGTAACGGCAAAGGCTGTATTCTAAGTAAAAACTGACGTTGAGGGACGAAGCCTTGGGCAGCGATAAGGATTAGATAC","ATCGGAATTACTGGGCGTAAAGCGCACGCAGGCGGTTTGTTAAGTCAGATGTGAAATCCCCGCGCTTAACGTGGGAACTGCATTTGAAACTGGCAAGCTAGAGTCTTGTAGAGGGGGGTAGAATTCCAGGTGTAGCGGTGAAATGCGTAGAGATCTGGAGGAATACCGGTGGCGAAGGCGGCCCCCTGGACAAAGACTGACGCTCAGGTGCGA","ATCGGAATTACTGGGCGTAAAGCGTGCGCAGGCGGTGATGTAAGACCGATGTGAAATCCCCGGGCTTAACCTGGGAACTGCATTGGTGACTGCATCGCTGGAGTATGGCAGAGGGGGGTGGAATTCCACGTGTAGCAGTGAAATGCGTAGAGATGTGGAGGAACACCGATGGCGAAGGCAGCCCCCTGGGCCAATACTGACGCTCATGCACGA","ATCGGAATTACTGGGCGTAAAGCGCGCGTAGGTGGCTTGATAAGCCGGTTGTGAAAGCCCCGGGCTCAACCTGGGAACGGCATCCGGAACTGTCAAGCTAGAGTGCAGGAGAGGAAGGTAGAATTCCCGGTGTAGCGGTGAAATGCGTAGAGATCGGGAGGAATACCAGTGGCGAAGGCGGCCTTCTGGACTGACACTGACACTGAGGTGCGA","ATCGGAATTACTGGGCGTAAAGCGTGCGTAGGCGGCTTTTTAAGTTGGATGTGAAAGCCCCGGGCTTAACCTGGGAACTGCATCCAAAACTGGAAGGCTTGAGTGCGAGAGAGGAGTGTGGAATTTCCTGTGTAGCGGTGAAATGCGTAGATATAGGAAGGAACACCAGTGGCGAAGGCGACACTCTGGCTTGACACTGACGCTGAGGTACGA","CTCGGAATCACTGGGCGTAAAGGGTGCGTAGGCGGGTCTTTAAGTCAGGGGTGAAATCCTGGAGCTCAACTCCAGAACTGCCTTTGATACTGAAGATCTTGAGTTCGGGAGAGGTGAGTGGAACTGCGAGTGTAGAGGTGAAATTCGTAGATATTCGCAAGAACACCAGTGGCGAAGGCGGCTCACTGGCCCGATACTGACGCTGAGGCACGA","ATCGGAATTACTGGGCGTAAAGCGCGCGTAGGTGGTTTGTTAAGTTGGATGTGAAATCCCCGGGCTCAACCTGGGAACTGCATTCAAAACTGACTGACTAGAGTATGGTAGAGGGTGGTGGAATTTCCTGTGTAGCGGTGAAATGCGTAGATATAGGAAGGAACACCAGTGGCGAAGGCGACCACCTGGACTGATACTGACACTGAGGTGCGA","TCCGGAATGATTGGGCGTAAAGCGTCTGTAGGTGGCTTCCCAAGTCAACTGTCAAAAATCAGGGCTTAACCTTGAGCAGGCAGTTGAAACTATGAAGCTTGAGTTAGGTAGGGGCAGAGGGAATTCCTAGTGTAGCGGTGAAATGCGTAGATATTAGGAAGAACACCAATCGCGAAAGCGCTCTGCTGGGCCATGACTGACATTGAGAGACGA","ATCGGAATTACTGGGCGTAAAGCGTGCGCAGGCGGTTATGCAAGACAGAGGTGAAATCCCCGGGCTCAACCTGGGAACTGCCTTTGTGACTGCATGGCTAGAGTACGGTAGAGGGGGATGGAATTCCGCGTGTAGCAGTGAAATGCGTAGATATGCGGAGGAACACCGATGGCGAAGGCAATCCCCTGGACCTGTACTGACGCTCATGCACGA","TCCGGATTTATTGGGCGTAAAGCGCGCGCAGGCGGTCCTTTAAGTCTGATGTGAAATCTTGCGGCTCAACCGCAAGCGGTCATTGGAAACTGGGGGACTTGAGTGCAGAAGAGGAAAGCGGAATTCCACGTGTAGCGGTGAAATGCGTAGAGATGTGGAGGAACACCAGTGGCGAAGGCGGCTTTCTGGTCTGTAACTGACGCTGAGGCGCGA","CTCGGAATTACTGGGCGTAAAGGGCGCGTAGGCGGATCGTTAAGTCAGAGGTGAAATCCCAGGGCTCAACCCTGGAACTGCCTTTGATACTGGCGATCTTGAGTATGAGAGAGGTATGTGGAACTCCGAGTGTAGAGGTGAAATTCGTAGATATTCGGAAGAACACCAGTGGCGAAGGCGACATACTGGCTCATTACTGACGCTGAGGCGCGA","GTCATCTTTATTAGGTTTAAAGGGTACCTAGACGGTAAATTAAACTCTAAATGAGTACTTTTTTACTAGAGTTTTATAAGAGAAGGAAGAATTTCTGGAGTAGAGATAAAATGCTTTGATACCAGAAGGACTGGTAACGGCGAAGGCATCCTTCTATGTAAAAACTGACGTTGAGGGACGAAGGCTTGGGTAGCAATAAGGATTAGAAAC","TTCGGAATTACTGGGCGTAAAGCGCACGTAGGCGGATCGGAAAGTTGGGGGTGAAATCCCGGGGCTCAACCTCGGAACTGCCTTCAAAACTACTGGTCTGGAGTTCGAGAGAGGTGAGTGGAATTCCGAGTGTAGAGGTGAAATTCGTAGATATTCGGAGGAACACCAGTGGCGAAGGCGGCTCACTGGCTCGATACTGACGCTGAGGTGCGA","ATCGGATTTACTGGGCGTAAAGCGTGCGTAGGCGGCTTTTTAAGTCGGATGTGAAATCCCCGAGCTTAACTTGGGAATTGCATTCGATACTGTGAAGCTAGAGTATGGGAGAGGATGGTAGAATTCCAGGTGTAGCGGTGAAATGCGTAGAGATCTGGAGGAATACCGATGGCGAAGGCAGCCATCTGGCCTAATACTGACGCTGAGGTACGA","TCCGGATTTATTGGGTTTAAAGGGTGCGTAGGCGGCCAATTAAGTCAGGGGTGAAAGACGGTAGCTTAACTATCGCAGTGCCTTTGATACTGATTGGCTTGAATCCACTTGAGGTAGGCGGAATGTGACAAGTAGCGGTGAAATGCATAGATATGTCACAGAACACCAATTGCGAAGGCAGCTTACTAAAGTGGCATTGACGCTGAGGCACGA","ATCGGAATTACTGGGCGTAAAGCGCGCGTTGGTGGTTCGTTAAGTTGGATGTGAAATCCCCGGGCTCAACCTGGGAACTGCATCCAAAACTGGCGAGCTAGAGTAGGGCAGAGGGTGGTGGAATTTCCTGTGTAGCGGTGAAATGCGTAGATATAGGAAGGAACACCAGTGGCGAAGGCGACCACCTGGGCTCATACTGACACTGAGGTGCGA","CTCGGAATCACTGGGCGTAAAGGGCGCGTAGGCGGCCATTCAAGTCGGGGGTGAAAGCCTGTGGCTCAACCACAGAATTGCCTTCGATACTGTTTGGCTTGAGTTTGGTAGAGGTTGGTGGAACTGCGAGTGTAGAGGTGAAATTCGTAGATATTCGCAAGAACACCAGTGGCGAAGGCGGCCAACTGGACCAACACTGACGCTGAGGCGCGA","TCCGGAATTATTGGGCGTAAAGCGCGCGCAGGCGGTCCTTTAAGTCTGATGTGAAAGCCCACGGCTCAACCGTGGAGGGTCATTGGAAACTGGGGGACTTGAGTGCAGAAGAGGAGAGCGGAATTCCACGTGTAGCGGTGAAATGCGTAGAGATGTGGAGGAACACCAGTGGCGAAGGCGGCTCTCTGGTCTGTAACTGACGCTGAGGCGCGA","TCCGGAATTATTGGGCGTAAAGCGCGCGTAGGCGGTTTTTTAAGTCTGATGTGAAAGCCCACGGCTCAACCGTGGAGTGTCATTGGAAACTGGAAAACTTGAGTGCAGAAGAGGAAAGTGGAATTCCATGTGTAGCGGTGAAATGCGCAGAGATATGGAGGAACACCAGTGGCGAAGGCGACTTTCTGGTCTGTAACTGACGCTGATGTGCGA","ATCGGAATTACTGGGCGTAAAGCGTGCGCAGGCGGTTGTGTAAGACAGGTGTGAAATCCCCGGGCTTAACCTGGGAACTGCGCTTGTGACTGCACAGCTAGAGTATGGCAGAGGGAGGTGGAATTCCACGTGTAGCAGTGAAATGCGTAGAGATGTGGAGGAACACCGATGGCGAAGGCAGCCCCCTGGGCCAATACTGACGCTCATGCACGA","ATCGGAATTACTGGGCGTAAAGCGCGCGTAGGTGGTTCAGCAAGTTGGATGTGAAATCCCCGGGCTCAACCTGGGAACTGCATCCAAAACTACTGAGCTATAGTACGGTAGAGGGTGGTGGAATTTCCTGTGTAGCGGTGAAATGCGTAGATATAGGAAGGAACACCAGTGGCGAAGGCGACCACCTGGACTGATACTGACACTGAGGTGCGA","TCCGGAATTATTGGGCGTAAAGAGCTCGTAGGCGGTTTGTCGCGTCTGGTGTGAAAACTCGAGGCTCAACCTCGAGCTTGCATCTGGTACGGGCAGACTAGAGTGCGGTAGGGGAGACTGGAATTCCTGGTGTAGCGGTGGAATGCGCAGATATCAGGAGGAACACCGATGGCGAAGGCAGGTCTCTGGGCCGCAACTGACGCTGAGGAGCGA","TCCGGAATTATTGGGCGTAAAGGGCTCGCAGGCGGTTCCTTAAGTCTGATGTGAAAGCCCCCGGCTCAACTGGGGAGGGTCATTGGAAACTGGGGAACTTGAGTGCAGAAGAGGAGAGTGGAATTCCACGTGTAGCGGTGAAATGCGTAGAGATGTGGAGGAACACCAGTGGCGAAGGCGACTCTCTGGTCTGTAACTGACGCTGAGGAGCGA","TCCGGAATTATTGGGCGTAAAGCGCGCGCAGGTGGTTTCTTAAGTCTGATGTGAAAGCCCACGGCTCAACCGTGGAGGGTCATTGGAAACTGGGAGACTTGAGTGCAGAAGAGGAAAGTGGAATTCCATGTGTAGCGGTGAAATGCGTAGAGATATGGAGGAACACCAGTGGCGAAGGCGACTTTCTGGTCTGTAACTGACACTGAGGCGCGA","TTCGGAATCACTGGGCGTAAAGCGCACGTAGGCGGATATGCCAGTCAGGGGTGAAATCCCGGGGCTCAACCTCGGAACTGCCCTTGATACAGCATGTCTTGAGTCCGATAGAGGTGGGTGGAATTCCTAGTGTAGAGGTGAAATTCGTAGATATTAGGAAGAACACCGGTGGCGAAGGCGGCCCACTGGATCGGTACTGACGCTGAGGTGCGA","TCCGGATTTATTGGGTTTAAAGGGTGCGTAGGCGGCCAATTAAGTCAGGGGTGAAAGACGGTAGCTTAACTATCGCAGTGCCTTTGATACTGATTGGCTTGAATCCACTTGAGGTAGGCGGAATGTGACAAGTAGCGGTGAAATGCATAGATATGTCACAGAACACCAATTGCGAAGGCAGCTTACTAAAGTGGTATTGACGCTGAGGCACGA","ATCGGATTTACTGGGCGTAAAGCGCGCGTAAGTGGTTAATTAAGTCAAATGTGAAATCCCCGAGCTTAACTTGGGAATTGCATTCGATACTGGTTAGCTAGAGTATGGGAGAGGATGGTAGAATTCCAGGTGTAGCGGTGAAATGCGTAGAGATCTGGAGGAATACCGATGGCGAAGGCAGCCATCTGGCCTAATACTGACACTGAGGTGCGA","ATCGGAATTACTGGGCGTAAAGCGCGCGTAGGTGGTTCGTTAAGTTGGATGTGAAATCCCCGGGCTCAACCTGGGAACTGCATCCAAAACTGGCGAGCTAGAGTAGGGCAGAGGGTGGCGGAATTTCCTGTGTAGCGGTGAAATGCGTAGATATAGGAAGGAACACCAGTGGCGAAGGCGACCACCTGGGCTCATACTGACACTGAGGTGCGA","ATCGGAATTACTGGGCGTAAAGCGTGCGCAGGCGGTTGTGTAAGACAGGTGTGAAATCCCCGGGCTTAACCTGGGAACTGCGCTTGTGACTGCACAGCTAGAGTATGGCAGAGGGGGGTGGAATTCCACGTGTAGCAGTGAAATGCGTAGAGATGTGGAGGAACACCGATGGCGAAGGCAGCCCCCTGGGCCAATACTGAAGCTCATGCACGA","TCCGGAATTATTGGGCGTAAAGAGCTCGTAGGCGGTTTGTCGCGTCTGGTGTGAAAACTCTAGGCTCAACCTCGAGCTTGCATCGGGTACGGGCAGACTAGAGTGCGGTAGTGGAGACTGGAATTCCTGGTGTAGCGGTGGAATGCGCAGATATCAGGAGGAACACCGATGGCGAAGGCAGGTCTCTGGGCCGCAACTGACGCTGAGGAGCGA","TTCATCTTGAACAGGTATAATGGGTACCTAGACTGTGTGGGATGGCTTTTATAGTACCCCCTACACTAGAGTTTAATATGTGAGAGGAAGATGTCAGAATTATTGGAGTAGAGATGAAATCCTTTAATACTAATAGGACTGATAATGGCGAAGGCAAACCTCTATGTATATGTACTAAAAAATAATCTCTTTACATATAAGAGTAATAGTCAGGAAGAATATATACTTTTTATCACTGTATATACCTGAAAAAATAGAAAATAAAGTACTAAACTGACGTTGAGGGACGA","TCCGGAATCATTGGGTTTAAAGGGTCAGCAGGCGGGTTTATAAGTCAGTGGTGAAAGCCTACAGCTCAACTGTAGAACTGCCATTGAAACTGTAGATCTTGAATTCGGTCGAAGTGGGCGGAATATGACATGTAGCGGTGAAATGCTTAGATATGTCATAGAACACCGATAGCGAAGGCAGCTCACTAGGCCTGGATTGACGCTCAGGGACGA","ATCGGAATTACTGGGCGTAAAGCGCGCGTAGGTGGTTCGTTAAGTTGGATGTGAAATCCCCGGGCTCAACCTGGGAACTGCATCCAAAACTGGCGAGCTAGAGTAGGGCAGAGGGTGGTGGAATTTCCTGTGTAGCGGTGAAATGCGTAGATATAGAAAGGAACACCAGTGGCGAAGGCGACCACCTGGGCTCATACTGACACTGAGGTGCGA","TCCGGAATTATTGGGCGTAAAGAGCTCGTAGGCGGCTGGTCGCGTCTGTCGTGAAATCCTCTGGCTTAACTGGGGGCTTGCGGTGGGTACGGGCCGGCTTGAGTGCGGTAGGGGAGACTGGAACTCCTGGTGTAGCGGTGGAATGCGCAGATATCAGGAAGAACACCGGTGGCGAAGGCGGGTCTCTGGGCCGTTACTGACGCTGAGGAGCGA","TTCGGATTTACTGGGCGTAAAGCGCACGTAGGCGGTTTGTTAAGTCAGGGGTGAAATCCCGGAGCTCAACTCCGGAACTGCCTTTGATACTGGCAAGCTAGAGTCCGGAAGAGGTAAGTGGAACTCCTAGTGTAGAGGTGGAATTCGTAGATATTAGGAAGAACACCAGTGGCGAAGGCGGCTTACTGGTCCGGAACTGACGCTGAGGTGCGA","CTCGGAATTACTGGGCGTAAAGGGCGCGTAGGCGGATCGTTAAGTCAGGGGTGAAATCCCGGGGCTCAACCTCGGAACTGCCCTTGATACTGGCGATCTTGAGTATGAGAGAGGTATATGGAACTCCGAGTGTAGAGGTGAAATTCGTAGATATTCGGAAGAACACCAGTGGCGAAGGCGACATACTGGCTCATTACTGACGCTGAGGCGCGA","TCCGGAATTACTGGGCGTAAAGAGCTCGTAGGCGGTTTGTCGCGTCGTCTGTGAAATTCTGCAACTCAATTGCAGGCGTGCAGGCGATACGGGCAGACTTGAGTACTACAGGGGAGACTGGAATTCCTGGTGTAGCGGTGAAATGCGCAGATATCAGGAGGAACACCGGTGGCGAAGGCGGGTCTCTGGGTAGTAACTGACGCTGAGGAGCGA","TCCGGAATCATTGGGTTTAAAGGGTCCGCAGGCGGGTTTATAAGTCAGTGGTGAAAGCCTACAGCTAAACTGTAGAACTGCCATTGAAACTGTAGATCTTGAATTCGGTCGAAGTGGGCGGAATATGACATGTAGCGGTGAAATGCTTAGATATGTCATAGAACACCGATAGCGAAGGAAGCTCACTAGGCCTGGATTGACGCTCAGGGACGA","CTCGGAATTACTGGGCGTAAAGGGCGCGTAGGCGGCTTAGTTAGTCAGGCGTGAAATTCCTGGGCTCAACCTGGGGACTGCGCTTGATACGGCTAGGCTAGAGGATGGAAGAGGGTCGCGGAATTCCCAGTGTAGAGGTGAAATTCGTAGATATTGGGAAGAACACCGGTGGCGAAGGCGGCGACCTGGTCCATTACTGACGCTGAGGCGCGA","TCCGGAATTATTGGGCGTAAAGCGCGCGCAGGCGGATCAGTTAGTCTGTCTTAAAAGTTCGGGGCTTAACCCCGTGATGGGATGGAAACTGCTGATCTAGAGTATCGGAGAGGAAAGTGGAATTCCTAGTGTAGCGGTGAAATGCGTAGATATTAGGAAGAACACCAGTGGCGAAGGCGACTTTCTGGACGAAAACTGACGCTGAGGCGCGA","TCCGGAATCATTGGGCGTAAAGGGAGCGCAGGCGGGCATGTAAGTCTTTCTTAAAAGTGCGGGGCTCAACCCCGTGATGGGAAAGAAACTACATGTCTTGAGTACAGGAGAGGAAAGCGGAATTCCCAGTGTAGCGGTGAAATGCGTAGATATTGGGAGGAACACCAGTGGCGAAGGCGGCTTTCTGGACTGCAACTGACGCTGAGGCTCGA","TCCGGAATTACTGGGCGTAAAGAGCTCGTAGGTGGTTTGTCGCGTTGTTCGTGAAAACTCACAGCTTAACTGTGGGCGTGCGGGCGATACGGGCAGACTGGAGTACTGCAGGGGAGACTGGAATTCCTGGTGTAGCGGTGGAATGCGCAGATATCAGGAGGAACACCGGTGGCGAAGGCGGGTCTCTGGGCAGTAACTGACGCTGAGGAGCGA","TCCGGATTTACTGGGCGTAAAGTGTACGTAGCCTGATATGTAAGTCTGTTTTCAAATACCTCAGCTCAACTGAGGAAAGGGAATAGATACTGCATATCTAGAGATATTTGGGGGTTAGTGGAATTTCCGGTGGAGCGGTGAAATGCGTTGATATCGGAAAGAACGCCGAAAGCGAAAGCAGCTAACTACAATACATCTGACGGTGAGGTACGA","ATCGGAATTACTGGGCGTAAAGCGAGCGTAGGTGGTTACTTAAGTCAGATGTGAAAGCCCCGGGCTTAACCTGGGAACTGCATCTGATACTGGGTAACTAGAGTAGGTGAGAGGGAAGTAGAATTCCAGGTGTAGCGGTGAAATGCGTAGAGATCTGGAGGAATACCGATGGCGAAGGCAGCTTCCTGGCATCATACTGACACTGAGGTTCGA","TGTGTGCCAGCCGCCGCGGTAATACGTAGGTGGCAAGCGTTATCCGGATTTATTGGGCGTAAAGAGAGTGCAGGCGGTTTTCTAAGTCTGATGTGAAAGCCTTCGGCTTAACCGGAGAAGTGCATCGGAAACTGGATAACTTGAGTGCAGAAGAGGGTAGTGGAACTCCATGTGACTCGAAAGCATGGGTAGCGAACAGGATTAGAAACCCGCGTAGTCCGGCTGGCTGACTATCTCGTATGCCGTCTTCTG","TCCGGAATTATTGGGCGTAAAGCGTCCGCAGGCGGCCTTGTAAGTCTGTCGTTAAAGCGTGGAGCTTAACTCCATTTCAGCGATGGAAACTACAAGGCTTGAGTGTGGTAGGGGCAGAGGGAATTCCCGGTGTAGCGGTGAAATGCGTAGATATCGGGAAGAACACCAGTGGCGAAGGCGCTCTGCTGGGCCATAACTGACGCTCATGGACGA","ATCGGAATTACTGGGCGTAAAGCGTGCGCAGGCGGTTATTCAAGACAGATGTGAAATCCCCGGGCTCAACCTGGGAACTGCATTTGTGACTGGATGACTAGAGTACGGCAGAGGGGGATGGAATTCCGCGTGTAGCAGTGAAATGCGTAGATATGCGGAGGAACACCGATGGCGAAGGCAATCCCCTGGGCCTGTACTGACGCTCATGCACGA","TCCGGATTTATTGGGCGTAAAGCGCGTCTAGGTGGTTATGTAAGTCTGATGTGAAAATGCAGGGCTCAACTCTGTATTGCGTTGGAAACTGTGTAACTAGAGTACTGGAGAGGTAAGCGGAACTACAAGTGTAGAGGTGAAATTCGTAGATATTTGTAGGAATGCCGATGGGGAAGCCAGCTTACTGGACAGATACTGACGCTAAAGCGCGA","TCCGGATTTACTGGGCGTAAAGAGCGCGCAGGCGGTCGAGTAAGTCGAATGTGAAAGCCCCCGGCTCAACTGGGGAGGGTCATTCGATACTGTTCGACTTGAAGGCAGGAGAGGGCAGCAGAATTCCCGGTGTAGTGGTGAAATGCGTAGATATCGGGAGGAATACCAGTGGCGAAGGCGGCTGCCTGGCCTGTTCTTGACGCTGAGGCGCGA","TCCGGAATCACTGGGCATAAAGCGTCTGTAGGTCGCCTACCAAGTCTGCTGTTAAAGATCAGGGCCTAACCCTGGGAAAGCAGTTGAAACTAGTAGGCTTGAGTATGGTAGAGGTAGAGGGAATTCCTGGTGTAGCGGTGAAATGCGTAGATATTAGGAAGAACACCAATGGCGAAAGCACTCTACTGGGCCATAACTGACACTGAGAGACGA","TCCGGAATTATTGGGCGTAAAGCGCGCGCAGGCGGATCAGTCAGTCTGTCTTAAAAGTTCGGGGCTTAACCCCGTGATGGGATGGAAACTGCTGATCTAGAGTATCGGAGAGGAAAGTGGAATTCCTAGTGTAGCGGTGAAATGCGTAGATATTAGGAAGAACACCAGTGGCGAAGGCGACTTTCTGGACGAACACTGACGCTGAGGCGCGA","TTCGGAATCACTGGGCGTAAAGCGCACGTAGGCGGCTATTCAAGTCAGGGGTGAAAGCCCGGGGCTCAACCCCGGAACTGCCTTTGAAACTAGATAGCTTGAATCTTGGAGAGGCGAGTGGAATTCCGAGTGTAGAGGTGAAATTCGTAGATATTCGGAAGAACACCAGTGGTGAAGGCGACTCGCTGGACAAGTATTGACGCTGAGGTGCGA","TTCGGAATTACTGGGCATAAAGAGTACGTAGGCGGTGATTCAAGTCAGAGGTGAAAGCCTGGAGCTCAACTCCAGAACTGCCTTTGAAACTAGATCGCTAGAATTATGGAGAGGTTAGTGGAATTCCGAGTGTAGAGGTGAAATTCGTAGATATTCGGAAGAACACCAGTGGCGAAGGCGACTAACTGGACATATATTGACGCTGAGGTACGA","CTCGGAATCACTGGGCGTAAAGGACGCGTAGGCGGATTATCAAGTCTCTTGTGAAATCTAACGGCTTAACCGTTAAACTGCTTGGGAAACTGATAATCTAGAGTAAGGGAGAGGCAGATGGAATTCTTGGTGTAGGGGTAAAATCCGTAGAGATCAAGAAGAATACCCATTGCGAAAGCGATCTGCTGGAACTTAACTGACGCTAATGCGTGA","ATTGTGTGTCAGCAGCCGCGGTAAGACTTAAGGATTTATTTTTTAATAAAAAGCAAAAAGCGTGTTAAGGATTTTTTAAAAAAAAAAATAAATAGAATTTTTTTCGTAATTGTAATATGTTAAAATGAAAAAAAGAATTTTTTATATGAAGATAATTTATTTTTTTTTTCTTAAATACGAAGGTTTGGGGAGCAAATAGGATTAGAAACCCCGGTAGTCCGGCTGGCTGACTATCTCGTATGCCGTCTTCTGCT","TTCGGAATTACTGGGCGTAAAGGGCGCGTAGGCGGCCTTCTAAGTCGGACGTGAAAGCCCCAGGCTTAACCTGGGAACTGCGTCCGATACTGGGAGGCTTGGATTCGGGAGAGGGATGTGGAATTCCAGGTGTAGCGGTGAAATGCGTAGATATCTGGAGGAACACCGGTGGCGAAGGCGGCATCCTGGACCGAGATCGACGCTGAGGCGCGA","TTCCTCTTGATTGGGCGTAAAGGGTGTGTAGGTGGTATAATAAGTTAGAAATAAAAAACTATGCTTATCAATTTCAAATTTCTAAAACTATTATTCTAGAGTACTAATAAAGATAATGGAATTTCTTGCATCAGAGTTAAAATGTGTTTACACAAGAGGGAACCCCAAAGGCGAAAGCAATTATCTAATTAGTTCTGACACTGAGACACGA","TCCGGATTTATTGGGTTTAAAGGGTGCGTAGGTGGCTTGTTAAGTCAGCGGTGAAAGGTTCGAGCTCAACTTGGATATTGCCGCTGAAACTGGCGAGCTTGAGTGTAGATGAGGTAGGCGAAATGCAAGGTGTAGCGGTGAAATGCTTAGATATCATGCAGAACTCCGATTGCGAAGGCAGCTTACTAAGGTACAACTGACACTGAAGCACGA"
"ms719_s002",0,0,0,0,0,0,0,0,1502,0,2623,0,0,4642,0,618,4216,2708,929,0,0,0,1113,0,0,0,0,0,0,0,0,0,639,0,0,0,0,0,0,0,0,0,0,0,0,0,0,0,0,0,0,0,0,0,0,0,0,0,0,0,21,0,0,0,0,0,0,0,0,0,0,0,0,0,0,0,0,0,0,0,0,0,0,0,0,0,0,0,0,0,0,0,0,0,0,0,0,0,0,0,0,0,0,0,0,0,0,0,0,0,0,0,0,2
"ms719_s003",19,24,0,0,0,0,0,0,6768,0,11404,0,0,7659,0,6908,7704,4804,5780,0,0,0,2631,0,0,0,0,0,0,0,0,0,1029,0,0,0,0,0,0,0,0,0,0,0,0,0,0,0,0,0,0,0,0,0,0,0,0,0,0,0,17,0,0,0,0,0,0,0,0,0,0,0,0,0,0,0,0,0,0,23,0,0,0,0,0,0,0,0,0,0,0,0,0,0,0,0,0,0,0,0,0,0,0,0,0,0,0,0,0,0,0,0,0,0
"ms719_s004",0,4,0,6,0,0,0,0,3530,0,8074,0,0,2517,0,2878,4147,2336,2740,0,0,0,1887,0,0,0,0,0,0,0,0,0,631,0,0,0,0,0,0,0,0,0,0,0,0,0,0,0,0,0,0,0,0,0,0,0,0,0,0,0,9,0,0,0,0,0,0,0,0,0,0,0,0,0,0,0,0,0,0,0,0,0,0,0,0,0,0,0,0,0,0,0,0,0,0,0,0,0,0,0,0,0,0,0,0,0,0,0,0,0,0,0,0,0
"ms719_s005",0,18,0,0,0,0,0,0,2058,0,2075,0,0,2104,0,1923,1930,1409,954,0,0,0,791,0,0,0,0,0,0,0,0,0,306,0,0,0,0,0,0,0,0,0,0,0,0,0,0,0,0,0,0,0,0,0,0,0,0,0,0,0,17,0,0,0,0,0,0,0,0,0,0,0,0,0,0,0,0,0,0,0,0,0,0,0,0,0,0,0,0,0,0,0,0,0,0,0,0,0,0,0,0,0,0,0,0,0,0,0,0,0,0,0,0,0
"ms719_s006",4,10,12,39,0,0,0,0,1900,0,3244,0,0,1738,5,1456,1688,1323,1091,0,0,0,648,0,0,0,0,0,0,0,0,0,247,0,0,0,0,0,0,0,0,0,0,0,0,0,0,0,0,0,0,0,0,0,0,0,0,0,0,0,6,0,0,0,0,0,0,0,0,0,0,0,0,0,0,0,0,0,0,16,0,0,0,0,0,0,0,0,0,0,0,0,0,0,0,0,0,0,0,0,0,0,0,0,0,0,0,0,0,0,0,0,0,0
"ms719_s007",15,70,104,134,53,40,0,0,12865,39,11784,0,19,7505,33,9997,6888,7937,7009,12,9,0,3251,0,4,0,0,5,0,0,0,0,1157,0,0,0,0,0,0,0,0,0,0,0,0,0,0,0,0,0,0,0,0,0,0,0,0,0,0,0,28,0,0,0,0,0,0,0,0,0,0,0,0,0,0,0,0,0,0,27,0,0,0,0,0,0,0,0,0,0,0,0,0,0,0,0,0,0,0,0,16,0,0,4,0,0,0,0,6,0,0,0,0,0
"ms719_s008",0,495,186,605,95,101,58,0,9326,54,10617,26,39,6277,29,7480,6141,6108,4487,35,157,13,3787,0,16,0,0,16,14,0,0,0,896,0,0,0,10,0,0,7,0,0,0,6,0,0,0,0,0,0,0,0,0,0,0,0,0,0,0,0,22,0,0,0,0,0,0,0,0,0,0,0,0,0,0,0,0,0,0,18,0,0,0,0,0,0,0,0,0,0,4,0,0,0,0,0,0,0,0,0,0,16,0,3,0,0,4,0,0,6,5,4,0,0
"ms719_s009",93,385,143,782,30,57,28,0,5243,36,4189,42,10,3969,40,4496,4050,3134,3161,35,0,0,1969,6,21,13,5,0,39,7,0,0,458,0,0,0,0,0,0,0,0,0,0,0,3,0,0,0,0,0,0,0,18,6,0,0,0,0,0,0,14,9,0,19,0,0,11,0,0,0,0,0,0,0,0,0,0,0,0,23,0,0,0,0,0,0,0,0,0,0,0,0,0,0,0,0,0,11,0,0,0,0,0,0,0,0,0,7,0,0,0,0,0,0
"ms719_s010",284,1485,832,3548,553,483,573,38,13447,169,9477,238,340,7238,196,11685,7548,8014,7815,217,132,0,4565,0,41,8,24,20,29,0,0,0,1222,110,10,0,71,0,0,0,38,0,0,0,0,0,0,0,0,0,0,30,0,0,0,7,0,4,0,0,24,0,0,0,65,0,0,0,0,0,0,0,0,0,0,0,0,0,0,20,0,0,0,0,0,0,0,0,0,19,0,63,0,0,3,22,0,0,0,0,0,0,0,0,0,0,0,0,0,0,0,0,0,0
"ms719_s011",63,2453,2363,4621,518,636,670,0,6076,472,4445,376,521,4793,397,6615,4368,3340,4458,170,59,43,2877,0,19,204,0,66,0,55,16,26,816,0,0,72,0,0,0,0,13,231,0,0,0,37,0,14,123,0,166,0,0,0,222,5,16,0,92,0,25,0,0,0,0,29,0,0,215,0,0,221,0,136,157,0,148,68,0,0,14,97,112,0,0,0,0,28,0,0,0,0,0,44,0,0,0,0,18,0,0,0,15,0,11,9,0,0,0,0,0,0,3,0
"ms719_s012",1331,25623,4440,8740,1515,3732,324,1581,4855,1083,4587,1668,1380,3356,798,6675,3606,5873,5934,342,2462,0,2217,0,253,74,22,0,185,0,38,0,760,70,0,0,0,10,106,0,12,266,6,0,0,0,410,0,238,76,0,30,0,0,0,27,0,0,0,181,16,0,199,0,0,0,0,219,0,264,256,0,6,0,0,151,0,0,129,0,0,0,0,108,107,104,13,0,98,0,0,0,22,0,0,0,30,0,0,18,0,0,0,0,0,0,0,0,0,0,0,0,0,0
