"","Kingdom","Phylum","Class","Order","Family","Genus","Species"
"CTCGGAATTACTGGGCGTAAAGCGTGCGTAGGTGGTCGTTTAAGTCCGTTGTGAAAGCCCTGGGCTCAACCTGGGAACTGCAGTGGATACTGGGCGACTAGAGTGTGGTAGAGGGTAGCGGAATTCCTGGTGTAGCAGTGAAATGCGTAGAGATCAGGAGGAACATCCATGGCGAAGGCAGCTACCTGGACCAACACTGACACTGAGGCACGA","Bacteria","Proteobacteria","Gammaproteobacteria","Xanthomonadales","Xanthomonadaceae","Stenotrophomonas",NA
"ATCGGATTTACTGGGCGTAAAGCGTGCGTAGGCGGCTTTTTAAGTCGGATGTGAAATCCCCGAGCTTAACTTGGGAATTGCATTCGATACTGGGAAGCTAGAGTATGGGAGAGGATGGTAGAATTCCAGGTGTAGCGGTGAAATGCGTAGAGATCTGGAGGAATACCGATGGCGAAGGCAGCCATCTGGCCTAATACTGACGCTGAGGTACGA","Bacteria","Proteobacteria","Gammaproteobacteria","Pseudomonadales","Moraxellaceae","Acinetobacter",NA
"ATCGGAATTACTGGGCGTAAAGCGCGCGTAGGTGGTTTGTTAAGTTGGATGTGAAATCCCCGGGCTCAACCTGGGAACTGCATTCAAAACTGACTGACTAGAGTATGGTAGAGGGTGGTGGAATTTCCTGTGTAGCGGTGAAATGCGTAGATATAGGAAGGAACACCAGTGGCGAAGGCGACCACCTGGACTAATACTGACACTGAGGTGCGA","Bacteria","Proteobacteria","Gammaproteobacteria","Pseudomonadales","Pseudomonadaceae","Pseudomonas",NA
"TCCGGAATTATTGGGCGTAAAGAGCTCGTAGGCGGTTTGTCGCGTCTGGTGTGAAAACTCGAGGCTCAACCTCGAGCTTGCATCGGGTACGGGCAGACTAGAGTGCGGTAGGGGAGACTGGAATTCCTGGTGTAGCGGTGGAATGCGCAGATATCAGGAGGAACACCGATGGCGAAGGCAGGTCTCTGGGCCGCAACTGACGCTGAGGAGCGA","Bacteria","Actinobacteriota","Actinobacteria","Micrococcales","Promicromonosporaceae","Cellulosimicrobium",NA
"ATCGGATTTACTGGGCGTAAAGCGCGCGTAGGTGGTTAATTAAGTCAAATGTGAAATCCCCGAGCTTAACTTGGGAATTGCATTCGATACTGGTTAGCTAGAGTATGGGAGAGGATGGTAGAATTCCAGGTGTAGCGGTGAAATGCGTAGAGATCTGGAGGAATACCGATGGCGAAGGCAGCCATCTGGCCTAATACTGACACTGAGGTGCGA","Bacteria","Proteobacteria","Gammaproteobacteria","Pseudomonadales","Moraxellaceae","Acinetobacter",NA
"TTCGGAATTACTGGGCGTAAAGCGCACGTAGGCGGATATTTAAGTCAGGGGTGAAATCCCAGAGCTCAACTCTGGAACTGCCTTTGATACTGGGTATCTTGAGTATGGAAGAGGTAAGTGGAATTCCGAGTGTAGAGGTGAAATTCGTAGATATTCGGAGGAACACCAGTGGCGAAGGCGGCTTACTGGTCCATTACTGACGCTGAGGTGCGA","Bacteria","Proteobacteria","Alphaproteobacteria","Rhizobiales","Rhizobiaceae",NA,NA
"ATCGGATTTACTGGGCGTAAAGCGCGCGTAGGTGGCCAATTAAGTCAAATGTGAAATCCCCGAGCTTAACTTGGGAATTGCATTCGATACTGGTTGGCTAGAGTATGGGAGAGGATGGTAGAATTCCAGGTGTAGCGGTGAAATGCGTAGAGATCTGGAGGAATACCGATGGCGAAGGCAGCCATCTGGCCTAATACTGACACTGAGGTGCGA","Bacteria","Proteobacteria","Gammaproteobacteria","Pseudomonadales","Moraxellaceae","Acinetobacter","lwoffii"
"ATCGGAATTACTGGGCGTAAAGCGTGCGCAGGCGGTTATGTAAGACAGATGTGAAATCCCCGGGCTCAACCTGGGAACTGCATTTGTGACTGCATGGCTAGAGTACGGTAGAGGGGGATGGAATTCCGCGTGTAGCAGTGAAATGCGTAGATATGCGGAGGAACACCGATGGCGAAGGCAATCCCCTGGACCTGTACTGACGCTCATGCACGA","Bacteria","Proteobacteria","Gammaproteobacteria","Burkholderiales","Comamonadaceae","Delftia",NA
"TCCGGAATTATTGGGCGTAAAGCGCGCGTAGGCGGTTTTTTAAGTCTGATGTGAAAGCCCACGGCTCAACCGTGGAGGGTCATTGGAAACTGGAAAACTTGAGTGCAGAAGAGGAAAGTGGAATTCCATGTGTAGCGGTGAAATGCGCAGAGATATGGAGGAACACCAGTGGCGAAGGCGACTTTCTGGTCTGTAACTGACGCTGATGTGCGA","Bacteria","Firmicutes","Bacilli","Staphylococcales","Staphylococcaceae","Staphylococcus",NA
"ATCGGAATTACTGGGCGTAAAGCGTGCGCAGGCGGTTGTGTAAGACAGGTGTGAAATCCCCGGGCTTAACCTGGGAACTGCGCTTGTGACTGCACAGCTAGAGTATGGCAGAGGGGGGTGGAATTCCACGTGTAGCAGTGAAATGCGTAGAGATGTGGAGGAACACCGATGGCGAAGGCAGCCCCCTGGGCCAATACTGACGCTCATGCACGA","Bacteria","Proteobacteria","Gammaproteobacteria","Burkholderiales","Rhodocyclaceae","Methyloversatilis","universalis"
"TCCGGATTTATTGGGCGTAAAGAGAGTGCAGGCGGTTTTCTAAGTCTGATGTGAAAGCCTTCGGCTTAACCGGAGAAGTGCATCGGAAACTGGATAACTTGAGTGCAGAAGAGGGTAGTGGAACTCCATGTGTAGCGGTGGAATGCGTAGATATATGGAAGAACACCAGTGGCGAAGGCGGCTACCTGGTCTGCAACTGACGCTGAGACTCGA","Bacteria","Firmicutes","Bacilli","Lactobacillales","Lactobacillaceae","Lactobacillus",NA
"TTCGGAATTACTGGGCGTAAAGCGCACGTAGGCGGGTATTTAAGTCAGGGGTGAAATCCCGGAGCTCAACTCCGGAACTGCCTTTGATACTGGGTACCTAGAGTATGGAAGAGGTAAGTGGAATTCCGAGTGTAGAGGTGAAATTCGTAGATATTCGGAGGAACACCAGTGGCGAAGGCGGCTTACTGGTCCATTACTGACGCTGAGGTGCGA","Bacteria","Proteobacteria","Alphaproteobacteria","Rhizobiales","Rhizobiaceae","Shinella",NA
"TCCGGATTTATTGGGTTTAAAGGGTGCGTAGGCGGCCTGTTAAGTCAGGGGTGAAAGACGGTGGCTCAACCATCGCAGTGCCCTTGATACTGATGGGCTTGAATGGACTAGAGGTAGGCGGAATGTGACAAGTAGCGGTGAAATGCATAGATATGTCACAGAACACCGATTGCGAAGGCAGCTTACTATGGTCCTATTGACGCTGAGGCACGA","Bacteria","Bacteroidota","Bacteroidia","Sphingobacteriales","Sphingobacteriaceae","Nubsella",NA
"ATCGGAATTACTGGGCGTAAAGCGCACGCAGGCGGTTTGTTAAGTCAGATGTGAAATCCCCGGGCTCAACCTGGGAACTGCATCTGATACTGGCAAGCTTGAGTCTCGTAGAGGGGGGTAGAATTCCAGGTGTAGCGGTGAAATGCGTAGAGATCTGGAGGAATACCGGTGGCGAAGGCGGCCCCCTGGACGAAGACTGACGCTCAGGTGCGA","Bacteria","Proteobacteria","Gammaproteobacteria","Enterobacterales","Enterobacteriaceae","Escherichia-Shigella",NA
"TCCGGAATGATTGGGCGTAAAGCGTCTGTAGGTGGCTTTTCAAGTCCGCCGTCAAATCCCAGGGCTCAACCCTGGACAGGCGGTGGAAACTACCAAGCTGGAGTACGGTAGGGGCAGAGGGAATTTCCGGTGGAGCGGTGAAATGCGTAGAGATCGGAAAGAACACCAACGGCGAAAGCACTCTGCTGGGCCGACACTGACACTGAGAGACGA","Bacteria","Cyanobacteria","Cyanobacteriia","Chloroplast",NA,NA,NA
"TCCGGATTTATTGGGCGTAAAGCGCGCGCAGGCGGTCTTTTAAGTCTGATGTGAAAGCCCCCGGCTTAACCGGGGAGGGTCATTGGAAACTGGAAGACTGGAGTGCAGAAGAGGAGAGTGGAATTCCACGTGTAGCGGTGAAATGCGTAGATATGTGGAGGAACACCAGTGGCGAAGGCGACTCTCTGGTCTGTAACTGACGCTGAGGCGCGA","Bacteria","Firmicutes","Bacilli","Lactobacillales","Listeriaceae","Listeria",NA
"ATCGGAATTACTGGGCGTAAAGCGCACGCAGGCGGTCTGTCAAGTCGGATGTGAAATCCCCGGGCTCAACCTGGGAACTGCATTCGAAACTGGCAGGCTTGAGTCTTGTAGAGGGGGGTAGAATTCCAGGTGTAGCGGTGAAATGCGTAGAGATCTGGAGGAATACCGGTGGCGAAGGCGGCCCCCTGGACAAAGACTGACGCTCAGGTGCGA","Bacteria","Proteobacteria","Gammaproteobacteria","Enterobacterales","Enterobacteriaceae","Salmonella",NA
"TCCGGATTTATTGGGCGTAAAGCGAGCGCAGGCGGTTTCTTAAGTCTGATGTGAAAGCCCCCGGCTCAACCGGGGAGGGTCATTGGAAACTGGGAGACTTGAGTGCAGAAGAGGAGAGTGGAATTCCATGTGTAGCGGTGAAATGCGTAGATATATGGAGGAACACCAGTGGCGAAGGCGGCTCTCTGGTCTGTAACTGACGCTGAGGCTCGA","Bacteria","Firmicutes","Bacilli","Lactobacillales","Enterococcaceae","Enterococcus",NA
"TCCGGAATTATTGGGCGTAAAGGGCTCGCAGGCGGTTCCTTAAGTCTGATGTGAAAGCCCCCGGCTCAACCGGGGAGGGTCATTGGAAACTGGGGAACTTGAGTGCAGAAGAGGAGAGTGGAATTCCACGTGTAGCGGTGAAATGCGTAGAGATGTGGAGGAACACCAGTGGCGAAGGCGACTCTCTGGTCTGTAACTGACGCTGAGGAGCGA","Bacteria","Firmicutes","Bacilli","Bacillales","Bacillaceae","Bacillus",NA
"ATCGGAATTACTGGGCGTAAAGCGTGCGCAGGCGGTTTTGTAAGACAGTGGTGAAATCCCCGGGCTCAACCTGGGAACTGCCATTGTGACTGCAAAGCTAGAGTGCGGCAGAGGGGGATGGAATTCCGCGTGTAGCAGTGAAATGCGTAGATATGCGGAGGAACACCGATGGCGAAGGCAATCCCCTGGGCCTGCACTGACGCTCATGCACGA","Bacteria","Proteobacteria","Gammaproteobacteria","Burkholderiales","Comamonadaceae","Comamonas",NA
"ATCGGAATTACTGGGCGTAAAGCGCGCGTAGGTGGTTCGTTAAGTTGGATGTGAAATCCCCGGGCTCAACCTGGGAACTGCATCCAAAACTGGCGAGCTAGAGTAGGGCAGAGGGTGGTGGAATTTCCTGTGTAGCGGTGAAATGCGTAGATATAGGAAGGAACACCAGTGGCGAAGGCGACCACCTGGGCTCATACTGACACTGAGGTGCGA","Bacteria","Proteobacteria","Gammaproteobacteria","Pseudomonadales","Pseudomonadaceae","Pseudomonas",NA
"TCCGGAATCATTGGGTTTAAAGGGTCCGTAGGCGGTTTAATAAGTCAGTGGTGAAAGCCCATCGCTCAACGGTGGAACGGCCATTGATACTGTTAAACTTGAATTATTAGGAAGTAACTAGAATATGTAGTGTAGCGGTGAAATGCTTAGAGATTACATGGAATACCAATTGCGAAGGCAGGTTACTACTAATGGATTGACGCTGATGGACGA","Bacteria","Bacteroidota","Bacteroidia","Flavobacteriales","Flavobacteriaceae","Flavobacterium",NA
"ATCGGAATTACTGGGCGTAAAGCGCGCGTAGGTGGTTCAGCAAGTTGGATGTGAAATCCCCGGGCTCAACCTGGGAACTGCATCCAAAACTACTGAGCTAGAGTACGGTAGAGGGTGGTGGAATTTCCTGTGTAGCGGTGAAATGCGTAGATATAGGAAGGAACACCAGTGGCGAAGGCGACCACCTGGACTGATACTGACACTGAGGTGCGA","Bacteria","Proteobacteria","Gammaproteobacteria","Pseudomonadales","Pseudomonadaceae","Pseudomonas",NA
"ATCGGAATTACTGGGCGTAAAGCGCGCGTAGGTGGTTCGTTAAGTTGGATGTGAAAGCCCCGGGCTCAACCTGGGAACTGCATCCAAAACTGGCGAGCTAGAGTACGGTAGAGGGTGGTGGAATTTCCTGTGTAGCGGTGAAATGCGTAGATATAGGAAGGAACACCAGTGGCGAAGGCGACCACCTGGACTGATACTGACACTGAGGTGCGA","Bacteria","Proteobacteria","Gammaproteobacteria","Pseudomonadales","Pseudomonadaceae","Pseudomonas",NA
"TCCGGAATCATTGGGTTTAAAGGGTCCGTAGGCGGCCCTGTAAGTCAGCGGTGAAATCTTCCAGCTCAACTGGGAAACTGCCGTTGATACTGCAGGGCTTGAATTGCCGGGAAGTAACTAGAATATGTAGTGTAGCGGTGAAATGCTTAGATATTACATGGAATACCGATTGCGAAGGCAGGTTACTACCGGCGGATTGACGCTGATGGACGA","Bacteria","Bacteroidota","Bacteroidia","Flavobacteriales","Flavobacteriaceae","Flavobacterium",NA
"TTCGGAATTACTGGGCGTAAAGCGCACGTAGGCGGCTTTGTAAGTTAGAGGTGAAAGCCCAGAGCTCAACTCTGGAATTGCCTTTAAGACTGCATCGCTTGAATCCAGGAGAGGTGAGTGGAATTCCGAGTGTAGAGGTGAAATTCGTAGATATTCGGAAGAACACCAGTGGCGAAGGCGGCTCACTGGACTGGTATTGACGCTGAGGTGCGA","Bacteria","Proteobacteria","Alphaproteobacteria","Sphingomonadales","Sphingomonadaceae","Sphingomonas","koreensis"
"ATCGGAATTACTGGGCGTAAAGCGCACGCAGGCGGCTTTTTAAGTCGGATGTGAAAGCCCCGGGCTCAACCTGGGAATTGCATCTGATACTGGGAAGCTAGAGTATGTGAGAGGGGGGTAGAATTCCAAGTGTAGCGGTGAAATGCGTAGAGATTTGGAGGAATACCAGTGGCGAAGGCGGCCCCCTGGCACAATACTGACGCTCAGGTGCGA","Bacteria","Proteobacteria","Gammaproteobacteria","Alteromonadales","Alteromonadaceae","Alishewanella",NA
"TTCGGAATTACTGGGCGTAAAGCGTACGTAGGCGGTTATTCAAGTCAGAGGTGAAAGCCCGGGGCTCAACCCCGGAACTGCCTTTGAAACTAGATAACTTGAATCTTGGAGAGGCGAGTGGAATTCCGAGTGTAGAGGTGAAATTCGTAGATATTCGGAAGAACACCAGTGGCGAAGGCGACTCGCTGGACAAGTATTGACGCTGAGGTACGA","Bacteria","Proteobacteria","Alphaproteobacteria","Sphingomonadales","Sphingomonadaceae","Blastomonas",NA
"CTCGGAATTACTGGGCGTAAAGGGAGCGTAGGCGGACATTTAAGTCAGGGGTGAAATCCCGGGGCTCAACCTCGGAATTGCCTTTGATACTGGGTGTCTTGAGTATGAGAGAGGTGTGTGGAACTCCGAGTGTAGAGGTGAAATTCGTAGATATTCGGAAGAACACCAGTGGCGAAGGCGACACACTGGCTCATTACTGACGCTGAGGCTCGA","Bacteria","Proteobacteria","Alphaproteobacteria","Caulobacterales","Caulobacteraceae","Brevundimonas",NA
"ATCGGAATTACTGGGCGTAAAGCGTGCGCAGGCGGTTTTGTAAGACAGGCGTGAAATCCCCGGGCTCAACCTGGGAATTGCGCTTGTGACTGCAAGGCTGGAGTGCGGCAGAGGGGGATGGAATTCCGCGTGTAGCAGTGAAATGCGTAGATATGCGGAGGAACACCGATGGCGAAGGCAATCCCCTGGGCCTGCACTGACGCTCATGCACGA","Bacteria","Proteobacteria","Gammaproteobacteria","Burkholderiales","Comamonadaceae","Hydrogenophaga",NA
"TCCGGAATTATTGGGCGTAAAGAGCTCGTAGGCGGTTGGTCGCGTCTGCTGTGAAATCCCGAGGCTCAACCTCGGGTCTGCAGTGGGTACGGGCCAGCTAGAGTGCGGTAGGGGAGAATGGAATTCCTGGTGTAGCGGTGGAATGCGCAGATATCAGGAGGAACACCGATGGCGAAGGCAGTTCTCTGGGCCGTTACTGACGCTGAGGAGCGA","Bacteria","Actinobacteriota","Actinobacteria","Micrococcales","Microbacteriaceae","Schumannella","luteola"
"TCCGGAATCATTGGGTTTAAAGGGTCCGTAGGCGGTTTTGTAAGTCAGTGGTGAAATCCGGCAGCTCAACTGTCGAACTGCCATTGATACTGCAGGACTTGAATTATTGTGAAGTAACTAGAATATGTAGTGTAGCGGTGAAATGCTTAGATATTACATGGAATACCAATTGCGAAGGCAGGTTACTAACAATATATTGACGCTGATGGACGA","Bacteria","Bacteroidota","Bacteroidia","Flavobacteriales","Flavobacteriaceae","Flavobacterium",NA
"ATCGGAATTACTGGGCGTAAAGCGCACGCAGGCGGTCTGTCAAGTCGGATGTGAAATCCCCGGGCTCAACCTGGGAACTGCATTCGAAACTGGCAGGCTTGAGTCTTGTAGAGGGGGGGAGAATTCCAGGTGTAGCGGTGAAATGCGTAGAGATCTGGAGGAATACCGGTGGCGAAGGCGGCCCCCTGGACAAAGACTGACGCTCAGGTGCGA","Bacteria","Proteobacteria","Gammaproteobacteria","Enterobacterales","Enterobacteriaceae","Salmonella","enterica"
"ATCGGAATTACTGGGCGTAAAGCGTGCGCAGGCGGTTTTGTAAGACAGTGGTGAAATCCCCGAGCTCAACCTGGGAACTGCCATTGTGACTGCAAAGCTAGAGTGCGGCAGAGGGGGATGGAATTCCGCGTGTAGCAGTGAAATGCGTAGATATGCGGAGGAACACCGATGGCGAAGGCAATCCCCTGGGCCTGCACTGACGCTCATGCACGA","Bacteria","Proteobacteria","Gammaproteobacteria","Burkholderiales","Comamonadaceae","Comamonas",NA
"TATGGTAATTGTGTGTCAGCCGCCGCGGTAACACGATTAACCCAAGTCAATAGAAGCCGGCGTAAAGAGTGTTTTAGATCACCCCCTCCCCAATAAAGCTAAAACTCACCTGAGTTGTAAAAAACTCCAGTTGACACAAAATAGACTACGAAAGTGGCTTTAACATATCTGAACACACAATAGCTAAGACCCAAACTGGGATTAGAAACCCGAGTAGTCCGGCTGGCTGACTATCTCGTATGCCGTCTTCTGCTTGAAAAA","Bacteria","Proteobacteria","Alphaproteobacteria","Rickettsiales",NA,NA,NA
"TCCGGAATCATTGGGTTTAAAGGGTCCGCAGGCGGGTTTATAAGTCAGTGGTGAAAGCCTACAGCTCAACTGTAGAACTGCCATTGAAACTGTAGATCTTGAATTCGGTCGAAGTGGGCGGAATATGACATGTAGCGGTGAAATGCTTAGATATGTCATAGAACACCGATAGCGAAGGCAGCTCACTAGGCCTGGATTGACGCTCAGGGACGA","Bacteria","Bacteroidota","Bacteroidia","Flavobacteriales","Crocinitomicaceae","Fluviicola",NA
"TCCGGAATTATTGGGCGTAAAGAGCTCGTAGGCGGTTTGTCGCGTCTGCTGTGAAAATCCGAGGCTCAACCTCGGACCTGCAGTGGGTACGGGCAAACTAGAGTGCGGTAGGGGAGATGGGAATTCCTGGTGTAGCGGTGGAATGCGCAGATATCAGGAGGAACACCGATGGCGAAGGCACATCTCTGGGCCGTAACTGACGCTGAGGAGCGA","Bacteria","Actinobacteriota","Actinobacteria","Micrococcales","Microbacteriaceae","Rhodoluna","limnophila"
"TATGGTAATTGTGTGCCAGCAGCCGCGGTAACACGATTAACCCAAGTCAATAGAAGCCGGCGTAAAGAGTGTTTTAGATCACCCCCTCCCCAATAAAGCTAAAACTCACCTGAGTTGTAAAAAACTCCAGTTGACACAAAATAGACTACGAAAGTGGCTTTAACATATCTGAACACACAATAGCTAAGACCCAAACTGGGATTAGAAACCCTTGTAGTCCGGCTGGCTGACTATCTCGTATGCCGTCTTCTGCTTGAAAAA","Bacteria","Proteobacteria",NA,NA,NA,NA,NA
"TCCGGATTTATTGGGTTTAAAGGGTGCGTAGGCGGTTCTTTAAGTCAGAGGTGAAAGACGGCAGCTTAACTGTCGCAGTGCCTTTGATACTGAAGAACTTGAATTGGGTTGAGGAATGCGGAATGAGACAAGTAGCGGTGAAATGCATAGATATGTCTCAGAACCCCGATTGCGAAGGCAGCATTCCAAGCCTATATTGACGCTGATGCACGA","Bacteria","Bacteroidota","Bacteroidia","Sphingobacteriales","Sphingobacteriaceae","Sphingobacterium","spiritivorum"
"ATCGGAATTACTGGGCGTAAAGCGTGCGCAGGCGGTTATGCAAGACAGAGGTGAAATCCCCGGGCTCAACCTGGGAACTGCCTTTGTGACTGCATAGCTAGAGTGCGGCAGAGGGGGATGGAATTCCGCGTGTAGCAGTGAAATGCGTAGATATGCGGAGGAACACCGATGGCGAAGGCAATCCCCTGGGCCTGCACTGACGCTCATGCACGA","Bacteria","Proteobacteria","Gammaproteobacteria","Burkholderiales","Comamonadaceae",NA,NA
"TTCGGAATGACTAGGCGTAAAGGGCACTACGGCAGTGAATCGGGTTGCAAGTTCAAGTCGCCAAAAACCGGCGGAATGCTCTCGAAACCAATTCACTTGAGTGAGACAGAGGAGAGTTTCATTTCGTGTGTAGGGGTTAAATCCGTAGATCTACGAAGGAAGGCCAAAAGCGAAGGCAGCTCTTTGGGTCCCTACTGACGCTGAGGTGCGA","Bacteria","Proteobacteria","Alphaproteobacteria","Rickettsiales","Mitochondria",NA,NA
"TTCGGAATTACTGGGCGTAAAGCGCACGTAGGCGGATCAGAAAGTCAGAGGTGAAATCCCAGGGCTCAACCCTGGAACTGCCTTTGAAACTCCTGATCTTGAGTTCGAGAGAGGTGAGTGGAATTCCGAGTGTAGAGGTGAAATTCGTAGATATTCGGAGGAACACCAGTGGCGAAGGCGGCTCACTGGCTCGATACTGACGCTGAGGTGCGA","Bacteria","Proteobacteria","Alphaproteobacteria","Rhodobacterales","Rhodobacteraceae",NA,NA
"TCCGGATTTACTGGGTGTAAAGGGAGCGTAGACGGCAGCGCAAGTCTGGAGTGAAATGCCGGGGCCCAACCCCGGAACTGCTTTGGAAACTGTGCAGCTCGAGTGCAGGAGAGGTAAGCGGAATTCCTAGTGTAGCGGTGAAATGCGTAGATATTAGGAGGAACACCAGTGGCGAAGGCGGCTTACTGGACTGTAACTGACGTTGAGGCTCGA","Bacteria","Firmicutes","Clostridia","Lachnospirales","Lachnospiraceae","Lachnospiraceae NK4A136 group",NA
"TCCGGAATTACTGGGCGTAAAGAGCTCGTAGGTGGTTTGTCGCGTCGTTTGTGTAAGCCCGCAGCTTAACTGCGGGACTGCAGGCGATACGGGCATAACTTGAGTGCTGTAGGGGAGACTGGAATTCCTGGTGTAGCGGTGGAATGCGCAGATATCAGGAGGAACACCGATGGCGAAGGCAGGTCTCTGGGCAGTAACTGACGCTGAGGAGCGA","Bacteria","Actinobacteriota","Actinobacteria","Corynebacteriales","Corynebacteriaceae","Corynebacterium",NA
"TTCGGAATCATTGGGCGTAAAGGGTGTGTAGGTGGCTATGTAAGTCAGGTGTGAAAGCCCCGGGCTCAACCCGGGAAGTGCATCTGATACTGCGTAGCTTGAGTACCGAAGAGGATAGTGGAATTCCAGGTGTAGTGGTGAAATACGTAGATATCTGGAGGAACACCGGTGGCGAAGGCGGCTATCTGGTCGAGTACTGACACTGAGACACGA","Bacteria","Bdellovibrionota","Bdellovibrionia","Bdellovibrionales","Bdellovibrionaceae","Bdellovibrio",NA
"CTCGGAATCACTGGGCGTAAAGGGCGCGTAGGCGGCGTTTTAAGTCGGGGGTGAAAGCCTGTGGCTCAACCACAGAATGGCCTTCGATACTGGGACGCTTGAGTATGGTAGAGGTTGGTGGAACTGCGAGTGTAGAGGTGAAATTCGTAGATATTCGCAAGAACACCGGTGGCGAAGGCGGCCAACTGGACCATTACTGACGCTGAGGCGCGA","Bacteria","Proteobacteria","Alphaproteobacteria","Rhizobiales","Beijerinckiaceae","Methylobacterium-Methylorubrum",NA
"CTCGGAATTACTGGGCGTAAAGGGCGCGTAGGCGGATCGTTAAGTCAGGGGTGAAATCCCGGGGCTCAACCTCGGAACTGCCCTTGATACTGGCGATCTTGAGTATGAGAGAGGTATGTGGAACTCCGAGTGTAGAGGTGAAATTCGTAGATATTCGGAAGAACACCAGTGGCGAAGGCGACATACTGGCTCATTACTGACGCTGAGGCGCGA","Bacteria","Proteobacteria","Alphaproteobacteria","Caulobacterales","Caulobacteraceae","Brevundimonas",NA
"TCCGGAATCATTGGGTTTAAAGGGTCCGCAGGCGGATTTATAAGTCAGTGGTGAAAGCCTACAGCTTAACTGTAGAACTGCCATTGATACTGTAAGTCTTGAATTCGGTCGAAGTGGGCGGAATGTGTAGTGTAGCGGTGAAATGCATAGATATTACACAGAACACCGATAGCGAAGGCAGCTCACTAGGCCTGGATTGACGCTCAGGGACGA","Bacteria","Bacteroidota","Bacteroidia","Flavobacteriales","Crocinitomicaceae","Fluviicola",NA
"CTCGGAATCACTGGGCGTAAAGGGTGCGTAGGCGGGTCTTTAAGTCAGGGGTGAAATCCTGGAGCTCAACTCCAGAACTGCCTTTGATACTGAGGATCTTGAGTCCGGAAGAGGTGAGTGGAACTGCGAGTGTAGAGGTGAAATTCGTAGATATTCGCAAGAACACCAGTGGCGAAGGCGGCTCACTGGTCCGGTACTGACGCTGAGGCACGA","Bacteria","Proteobacteria","Alphaproteobacteria","Rhizobiales","Xanthobacteraceae","Afipia",NA
"TTCATCTTTAATCGGTATAAAGGGTACCTAGACAGAATGCCAAGCCATAAAAGGAACTAGTATTCTAGAGTTTTATGTGGGAATATACGAATTACCAGAGAAGAGTTCAAATTTTATTATACTGGTAGGACGGGTAACGGCAAAGGCTGTATTCTAAGTAAAAACTGACGTTGAGGGACGAAGCCTTGGGCAGCGATAAGGATTAGAAAC","Bacteria","Proteobacteria","Alphaproteobacteria","Rickettsiales","Mitochondria",NA,NA
"ATCGGAATTACTGGGCGTAAAGCGTGCGCAGGCGGTTATGCAAGACAGAGGTGAAATCCCCGGGCTCAACCTGGGAACTGCCTTTGTGACTGCATAGCTAGAGTACGGTAGAGGGGGATGGAATTCCGCGTGTAGCAGTGAAATGCGTAGATATGCGGAGGAACACCGATGGCGAAGGCAATCCCCTGGACCTGTACTGACGCTCATGCACGA","Bacteria","Proteobacteria","Gammaproteobacteria","Burkholderiales","Comamonadaceae","Paucibacter",NA
"TCCGGATTTATTGGGCGTAAAGCGAGCGCAGACGGTTAATTAAGTCTGATGTGAAAGCCCGGAGCTCAACTCCGGAATGGCATTGGAAACTGGTTAACTTGAGTGCAGTAGAGGTAAGTGGAACTCCATGTGTAGCGGTGGAATGCGTAGATATATGGAAGAACACCAGTGGCGAAGGCGGCTTACTGGACTGTAACTGACGTTGAGGCTCGA","Bacteria","Firmicutes","Bacilli","Lactobacillales","Leuconostocaceae","Leuconostoc","pseudomesenteroides"
"ATCGGAATTACTGGGCGTAAAGCGTGCGCAGGCGGTTGTGCAAGACCGATGTGAAATCCCCGAGCTTAACTTGGGAATTGCATTGGTGACTGCACGGCTAGAGTGTGTCAGAGGGGGGTAGAATTCCACGTGTAGCAGTGAAATGCGTAGAGATGTGGAGGAATACCGATGGCGAAGGCAGCCCCCTGGGATAACACTGACGCTCATGCACGA","Bacteria","Proteobacteria","Gammaproteobacteria","Burkholderiales","Burkholderiaceae","Ralstonia",NA
"TTCGGAATTACTGGGCGTAAAGCGCACGTAGGCGGCTTTGTAAGTTAGAGGTGAAAGCCTGGAGCTCAACTCCAGAATTGCCTTTAAGACTGCATCGCTTGAATCCAGGAGAGGTGAGTGGAATTCCGAGTGTAGAGGTGAAATTCGTAGATATTCGGAAGAACACCAGTGGCGAAGGCGGCTCACTGGACTGGTATTGACGCTGAGGTGCGA","Bacteria","Proteobacteria","Alphaproteobacteria","Sphingomonadales","Sphingomonadaceae","Sphingomonas",NA
"ATCGGAATTACTGGGCGTAAAGCGCACGCAGGCGGTTTGTTAAGTCAGATGTGAAATCCCCGCGCTTAACGTGGGAACTGCATTTGAAACTGGCAAACTGGAGTCTTGTAGAGGGGGGTAGAATTCCAGGTGTAGCGGTGAAATGCGTAGAGATCTGGAGGAATACCGGTGGCGAAGGCGGCCCCCTGGACAAAGACTGACGCTCAGGTGCGA","Bacteria","Proteobacteria","Gammaproteobacteria","Enterobacterales","Yersiniaceae","Yersinia","intermedia"
"CTCGGAATCACTGGGCGTAAAGGGCGCGTAGGCGGACTCTTAAGTCGGGGGTGAAAGCCCAGGGCTCAACCCTGGAATAGCCTTCGATACTGAGAGTCTTGAGTTCGGAAGAGGTTGGTGGAATTGCGAGTGTAGAGGTGAAATTCGTAGATATTCGCAAGAACACCAGTGGCGAAGGCGGCCAACTGGTCCGATACTGACGCTGAGGCGCGA","Bacteria","Proteobacteria","Alphaproteobacteria","Rhizobiales","Beijerinckiaceae","Bosea","vestrisii"
"TTCATCTTTAATCGGTATAAAGGGTACCTAGACAGAATGCCAAGCCATAAAAGGAACTAGTATTCTAGAGTTTTATGTGGGAATATACGAATTACCAGAGAAGAGTTCAAATTTTATTATACTGGTAGGACGGGTAACGGCAAAGGCTGTATTCTAAGTAAAAACTGACGTTGAGGGACGAAGCCTTGGGCAGCGATAAGGATTAGATAC","Bacteria","Proteobacteria","Alphaproteobacteria","Rickettsiales","Mitochondria",NA,NA
"ATCGGAATTACTGGGCGTAAAGCGCACGCAGGCGGTTTGTTAAGTCAGATGTGAAATCCCCGCGCTTAACGTGGGAACTGCATTTGAAACTGGCAAGCTAGAGTCTTGTAGAGGGGGGTAGAATTCCAGGTGTAGCGGTGAAATGCGTAGAGATCTGGAGGAATACCGGTGGCGAAGGCGGCCCCCTGGACAAAGACTGACGCTCAGGTGCGA","Bacteria","Proteobacteria","Gammaproteobacteria","Enterobacterales","Yersiniaceae","Yersinia",NA
"ATCGGAATTACTGGGCGTAAAGCGTGCGCAGGCGGTGATGTAAGACCGATGTGAAATCCCCGGGCTTAACCTGGGAACTGCATTGGTGACTGCATCGCTGGAGTATGGCAGAGGGGGGTGGAATTCCACGTGTAGCAGTGAAATGCGTAGAGATGTGGAGGAACACCGATGGCGAAGGCAGCCCCCTGGGCCAATACTGACGCTCATGCACGA","Bacteria","Proteobacteria","Gammaproteobacteria","Burkholderiales","Burkholderiaceae","Burkholderia-Caballeronia-Paraburkholderia",NA
"ATCGGAATTACTGGGCGTAAAGCGCGCGTAGGTGGCTTGATAAGCCGGTTGTGAAAGCCCCGGGCTCAACCTGGGAACGGCATCCGGAACTGTCAAGCTAGAGTGCAGGAGAGGAAGGTAGAATTCCCGGTGTAGCGGTGAAATGCGTAGAGATCGGGAGGAATACCAGTGGCGAAGGCGGCCTTCTGGACTGACACTGACACTGAGGTGCGA","Bacteria","Proteobacteria","Gammaproteobacteria","Oceanospirillales","Halomonadaceae","Halomonas",NA
"ATCGGAATTACTGGGCGTAAAGCGTGCGTAGGCGGCTTTTTAAGTTGGATGTGAAAGCCCCGGGCTTAACCTGGGAACTGCATCCAAAACTGGAAGGCTTGAGTGCGAGAGAGGAGTGTGGAATTTCCTGTGTAGCGGTGAAATGCGTAGATATAGGAAGGAACACCAGTGGCGAAGGCGACACTCTGGCTTGACACTGACGCTGAGGTACGA","Bacteria","Proteobacteria","Gammaproteobacteria","Oceanospirillales","Endozoicomonadaceae","Endozoicomonas",NA
"CTCGGAATCACTGGGCGTAAAGGGTGCGTAGGCGGGTCTTTAAGTCAGGGGTGAAATCCTGGAGCTCAACTCCAGAACTGCCTTTGATACTGAAGATCTTGAGTTCGGGAGAGGTGAGTGGAACTGCGAGTGTAGAGGTGAAATTCGTAGATATTCGCAAGAACACCAGTGGCGAAGGCGGCTCACTGGCCCGATACTGACGCTGAGGCACGA","Bacteria","Proteobacteria","Alphaproteobacteria","Rhizobiales","Xanthobacteraceae","Bradyrhizobium",NA
"ATCGGAATTACTGGGCGTAAAGCGCGCGTAGGTGGTTTGTTAAGTTGGATGTGAAATCCCCGGGCTCAACCTGGGAACTGCATTCAAAACTGACTGACTAGAGTATGGTAGAGGGTGGTGGAATTTCCTGTGTAGCGGTGAAATGCGTAGATATAGGAAGGAACACCAGTGGCGAAGGCGACCACCTGGACTGATACTGACACTGAGGTGCGA","Bacteria","Proteobacteria","Gammaproteobacteria","Pseudomonadales","Pseudomonadaceae","Pseudomonas",NA
"TCCGGAATGATTGGGCGTAAAGCGTCTGTAGGTGGCTTCCCAAGTCAACTGTCAAAAATCAGGGCTTAACCTTGAGCAGGCAGTTGAAACTATGAAGCTTGAGTTAGGTAGGGGCAGAGGGAATTCCTAGTGTAGCGGTGAAATGCGTAGATATTAGGAAGAACACCAATCGCGAAAGCGCTCTGCTGGGCCATGACTGACATTGAGAGACGA","Bacteria","Cyanobacteria","Cyanobacteriia","Chloroplast",NA,NA,NA
"ATCGGAATTACTGGGCGTAAAGCGTGCGCAGGCGGTTATGCAAGACAGAGGTGAAATCCCCGGGCTCAACCTGGGAACTGCCTTTGTGACTGCATGGCTAGAGTACGGTAGAGGGGGATGGAATTCCGCGTGTAGCAGTGAAATGCGTAGATATGCGGAGGAACACCGATGGCGAAGGCAATCCCCTGGACCTGTACTGACGCTCATGCACGA","Bacteria","Proteobacteria","Gammaproteobacteria","Burkholderiales","Comamonadaceae","Paucibacter",NA
"TCCGGATTTATTGGGCGTAAAGCGCGCGCAGGCGGTCCTTTAAGTCTGATGTGAAATCTTGCGGCTCAACCGCAAGCGGTCATTGGAAACTGGGGGACTTGAGTGCAGAAGAGGAAAGCGGAATTCCACGTGTAGCGGTGAAATGCGTAGAGATGTGGAGGAACACCAGTGGCGAAGGCGGCTTTCTGGTCTGTAACTGACGCTGAGGCGCGA","Bacteria","Firmicutes","Bacilli","Bacillales","Planococcaceae","Chungangia",NA
"CTCGGAATTACTGGGCGTAAAGGGCGCGTAGGCGGATCGTTAAGTCAGAGGTGAAATCCCAGGGCTCAACCCTGGAACTGCCTTTGATACTGGCGATCTTGAGTATGAGAGAGGTATGTGGAACTCCGAGTGTAGAGGTGAAATTCGTAGATATTCGGAAGAACACCAGTGGCGAAGGCGACATACTGGCTCATTACTGACGCTGAGGCGCGA","Bacteria","Proteobacteria","Alphaproteobacteria","Caulobacterales","Caulobacteraceae","Brevundimonas",NA
"GTCATCTTTATTAGGTTTAAAGGGTACCTAGACGGTAAATTAAACTCTAAATGAGTACTTTTTTACTAGAGTTTTATAAGAGAAGGAAGAATTTCTGGAGTAGAGATAAAATGCTTTGATACCAGAAGGACTGGTAACGGCGAAGGCATCCTTCTATGTAAAAACTGACGTTGAGGGACGAAGGCTTGGGTAGCAATAAGGATTAGAAAC","Bacteria","Proteobacteria","Alphaproteobacteria","Rickettsiales","Mitochondria",NA,NA
"TTCGGAATTACTGGGCGTAAAGCGCACGTAGGCGGATCGGAAAGTTGGGGGTGAAATCCCGGGGCTCAACCTCGGAACTGCCTTCAAAACTACTGGTCTGGAGTTCGAGAGAGGTGAGTGGAATTCCGAGTGTAGAGGTGAAATTCGTAGATATTCGGAGGAACACCAGTGGCGAAGGCGGCTCACTGGCTCGATACTGACGCTGAGGTGCGA","Bacteria","Proteobacteria","Alphaproteobacteria","Rhodobacterales","Rhodobacteraceae","Paracoccus",NA
"ATCGGATTTACTGGGCGTAAAGCGTGCGTAGGCGGCTTTTTAAGTCGGATGTGAAATCCCCGAGCTTAACTTGGGAATTGCATTCGATACTGTGAAGCTAGAGTATGGGAGAGGATGGTAGAATTCCAGGTGTAGCGGTGAAATGCGTAGAGATCTGGAGGAATACCGATGGCGAAGGCAGCCATCTGGCCTAATACTGACGCTGAGGTACGA","Bacteria","Proteobacteria","Gammaproteobacteria","Pseudomonadales","Moraxellaceae","Acinetobacter",NA
"TCCGGATTTATTGGGTTTAAAGGGTGCGTAGGCGGCCAATTAAGTCAGGGGTGAAAGACGGTAGCTTAACTATCGCAGTGCCTTTGATACTGATTGGCTTGAATCCACTTGAGGTAGGCGGAATGTGACAAGTAGCGGTGAAATGCATAGATATGTCACAGAACACCAATTGCGAAGGCAGCTTACTAAAGTGGCATTGACGCTGAGGCACGA","Bacteria","Bacteroidota","Bacteroidia","Sphingobacteriales","Sphingobacteriaceae","Mucilaginibacter","ginsengisoli"
"ATCGGAATTACTGGGCGTAAAGCGCGCGTTGGTGGTTCGTTAAGTTGGATGTGAAATCCCCGGGCTCAACCTGGGAACTGCATCCAAAACTGGCGAGCTAGAGTAGGGCAGAGGGTGGTGGAATTTCCTGTGTAGCGGTGAAATGCGTAGATATAGGAAGGAACACCAGTGGCGAAGGCGACCACCTGGGCTCATACTGACACTGAGGTGCGA","Bacteria","Proteobacteria","Gammaproteobacteria","Pseudomonadales","Pseudomonadaceae","Pseudomonas",NA
"CTCGGAATCACTGGGCGTAAAGGGCGCGTAGGCGGCCATTCAAGTCGGGGGTGAAAGCCTGTGGCTCAACCACAGAATTGCCTTCGATACTGTTTGGCTTGAGTTTGGTAGAGGTTGGTGGAACTGCGAGTGTAGAGGTGAAATTCGTAGATATTCGCAAGAACACCAGTGGCGAAGGCGGCCAACTGGACCAACACTGACGCTGAGGCGCGA","Bacteria","Proteobacteria","Alphaproteobacteria","Rhizobiales","Beijerinckiaceae","Methylobacterium-Methylorubrum",NA
"TCCGGAATTATTGGGCGTAAAGCGCGCGCAGGCGGTCCTTTAAGTCTGATGTGAAAGCCCACGGCTCAACCGTGGAGGGTCATTGGAAACTGGGGGACTTGAGTGCAGAAGAGGAGAGCGGAATTCCACGTGTAGCGGTGAAATGCGTAGAGATGTGGAGGAACACCAGTGGCGAAGGCGGCTCTCTGGTCTGTAACTGACGCTGAGGCGCGA","Bacteria","Firmicutes","Bacilli","Bacillales","Bacillaceae",NA,NA
"TCCGGAATTATTGGGCGTAAAGCGCGCGTAGGCGGTTTTTTAAGTCTGATGTGAAAGCCCACGGCTCAACCGTGGAGTGTCATTGGAAACTGGAAAACTTGAGTGCAGAAGAGGAAAGTGGAATTCCATGTGTAGCGGTGAAATGCGCAGAGATATGGAGGAACACCAGTGGCGAAGGCGACTTTCTGGTCTGTAACTGACGCTGATGTGCGA","Bacteria","Firmicutes","Bacilli","Staphylococcales","Staphylococcaceae","Staphylococcus","aureus"
"ATCGGAATTACTGGGCGTAAAGCGTGCGCAGGCGGTTGTGTAAGACAGGTGTGAAATCCCCGGGCTTAACCTGGGAACTGCGCTTGTGACTGCACAGCTAGAGTATGGCAGAGGGAGGTGGAATTCCACGTGTAGCAGTGAAATGCGTAGAGATGTGGAGGAACACCGATGGCGAAGGCAGCCCCCTGGGCCAATACTGACGCTCATGCACGA","Bacteria","Proteobacteria","Gammaproteobacteria","Burkholderiales","Rhodocyclaceae","Methyloversatilis",NA
"ATCGGAATTACTGGGCGTAAAGCGCGCGTAGGTGGTTCAGCAAGTTGGATGTGAAATCCCCGGGCTCAACCTGGGAACTGCATCCAAAACTACTGAGCTATAGTACGGTAGAGGGTGGTGGAATTTCCTGTGTAGCGGTGAAATGCGTAGATATAGGAAGGAACACCAGTGGCGAAGGCGACCACCTGGACTGATACTGACACTGAGGTGCGA","Bacteria","Proteobacteria","Gammaproteobacteria","Pseudomonadales","Pseudomonadaceae","Pseudomonas",NA
"TCCGGAATTATTGGGCGTAAAGAGCTCGTAGGCGGTTTGTCGCGTCTGGTGTGAAAACTCGAGGCTCAACCTCGAGCTTGCATCTGGTACGGGCAGACTAGAGTGCGGTAGGGGAGACTGGAATTCCTGGTGTAGCGGTGGAATGCGCAGATATCAGGAGGAACACCGATGGCGAAGGCAGGTCTCTGGGCCGCAACTGACGCTGAGGAGCGA","Bacteria","Actinobacteriota","Actinobacteria","Micrococcales","Promicromonosporaceae","Cellulosimicrobium",NA
"TCCGGAATTATTGGGCGTAAAGGGCTCGCAGGCGGTTCCTTAAGTCTGATGTGAAAGCCCCCGGCTCAACTGGGGAGGGTCATTGGAAACTGGGGAACTTGAGTGCAGAAGAGGAGAGTGGAATTCCACGTGTAGCGGTGAAATGCGTAGAGATGTGGAGGAACACCAGTGGCGAAGGCGACTCTCTGGTCTGTAACTGACGCTGAGGAGCGA","Bacteria","Firmicutes","Bacilli","Bacillales","Bacillaceae","Bacillus",NA
"TCCGGAATTATTGGGCGTAAAGCGCGCGCAGGTGGTTTCTTAAGTCTGATGTGAAAGCCCACGGCTCAACCGTGGAGGGTCATTGGAAACTGGGAGACTTGAGTGCAGAAGAGGAAAGTGGAATTCCATGTGTAGCGGTGAAATGCGTAGAGATATGGAGGAACACCAGTGGCGAAGGCGACTTTCTGGTCTGTAACTGACACTGAGGCGCGA","Bacteria","Firmicutes","Bacilli","Bacillales",NA,NA,NA
"TTCGGAATCACTGGGCGTAAAGCGCACGTAGGCGGATATGCCAGTCAGGGGTGAAATCCCGGGGCTCAACCTCGGAACTGCCCTTGATACAGCATGTCTTGAGTCCGATAGAGGTGGGTGGAATTCCTAGTGTAGAGGTGAAATTCGTAGATATTAGGAAGAACACCGGTGGCGAAGGCGGCCCACTGGATCGGTACTGACGCTGAGGTGCGA","Bacteria","Proteobacteria","Alphaproteobacteria","Rhizobiales","Hyphomicrobiaceae","Hyphomicrobium","denitrificans"
"TCCGGATTTATTGGGTTTAAAGGGTGCGTAGGCGGCCAATTAAGTCAGGGGTGAAAGACGGTAGCTTAACTATCGCAGTGCCTTTGATACTGATTGGCTTGAATCCACTTGAGGTAGGCGGAATGTGACAAGTAGCGGTGAAATGCATAGATATGTCACAGAACACCAATTGCGAAGGCAGCTTACTAAAGTGGTATTGACGCTGAGGCACGA","Bacteria","Bacteroidota","Bacteroidia","Sphingobacteriales","Sphingobacteriaceae","Mucilaginibacter",NA
"ATCGGATTTACTGGGCGTAAAGCGCGCGTAAGTGGTTAATTAAGTCAAATGTGAAATCCCCGAGCTTAACTTGGGAATTGCATTCGATACTGGTTAGCTAGAGTATGGGAGAGGATGGTAGAATTCCAGGTGTAGCGGTGAAATGCGTAGAGATCTGGAGGAATACCGATGGCGAAGGCAGCCATCTGGCCTAATACTGACACTGAGGTGCGA","Bacteria","Proteobacteria","Gammaproteobacteria","Pseudomonadales","Moraxellaceae","Acinetobacter",NA
"ATCGGAATTACTGGGCGTAAAGCGCGCGTAGGTGGTTCGTTAAGTTGGATGTGAAATCCCCGGGCTCAACCTGGGAACTGCATCCAAAACTGGCGAGCTAGAGTAGGGCAGAGGGTGGCGGAATTTCCTGTGTAGCGGTGAAATGCGTAGATATAGGAAGGAACACCAGTGGCGAAGGCGACCACCTGGGCTCATACTGACACTGAGGTGCGA","Bacteria","Proteobacteria","Gammaproteobacteria","Pseudomonadales","Pseudomonadaceae","Pseudomonas",NA
"ATCGGAATTACTGGGCGTAAAGCGTGCGCAGGCGGTTGTGTAAGACAGGTGTGAAATCCCCGGGCTTAACCTGGGAACTGCGCTTGTGACTGCACAGCTAGAGTATGGCAGAGGGGGGTGGAATTCCACGTGTAGCAGTGAAATGCGTAGAGATGTGGAGGAACACCGATGGCGAAGGCAGCCCCCTGGGCCAATACTGAAGCTCATGCACGA","Bacteria","Proteobacteria","Gammaproteobacteria","Burkholderiales","Rhodocyclaceae","Methyloversatilis",NA
"TCCGGAATTATTGGGCGTAAAGAGCTCGTAGGCGGTTTGTCGCGTCTGGTGTGAAAACTCTAGGCTCAACCTCGAGCTTGCATCGGGTACGGGCAGACTAGAGTGCGGTAGTGGAGACTGGAATTCCTGGTGTAGCGGTGGAATGCGCAGATATCAGGAGGAACACCGATGGCGAAGGCAGGTCTCTGGGCCGCAACTGACGCTGAGGAGCGA","Bacteria","Actinobacteriota","Actinobacteria","Micrococcales","Promicromonosporaceae","Cellulosimicrobium",NA
"TTCATCTTGAACAGGTATAATGGGTACCTAGACTGTGTGGGATGGCTTTTATAGTACCCCCTACACTAGAGTTTAATATGTGAGAGGAAGATGTCAGAATTATTGGAGTAGAGATGAAATCCTTTAATACTAATAGGACTGATAATGGCGAAGGCAAACCTCTATGTATATGTACTAAAAAATAATCTCTTTACATATAAGAGTAATAGTCAGGAAGAATATATACTTTTTATCACTGTATATACCTGAAAAAATAGAAAATAAAGTACTAAACTGACGTTGAGGGACGA","Bacteria","Proteobacteria","Alphaproteobacteria","Rickettsiales","Mitochondria",NA,NA
"TCCGGAATCATTGGGTTTAAAGGGTCAGCAGGCGGGTTTATAAGTCAGTGGTGAAAGCCTACAGCTCAACTGTAGAACTGCCATTGAAACTGTAGATCTTGAATTCGGTCGAAGTGGGCGGAATATGACATGTAGCGGTGAAATGCTTAGATATGTCATAGAACACCGATAGCGAAGGCAGCTCACTAGGCCTGGATTGACGCTCAGGGACGA","Bacteria","Bacteroidota","Bacteroidia","Flavobacteriales","Crocinitomicaceae","Fluviicola",NA
"ATCGGAATTACTGGGCGTAAAGCGCGCGTAGGTGGTTCGTTAAGTTGGATGTGAAATCCCCGGGCTCAACCTGGGAACTGCATCCAAAACTGGCGAGCTAGAGTAGGGCAGAGGGTGGTGGAATTTCCTGTGTAGCGGTGAAATGCGTAGATATAGAAAGGAACACCAGTGGCGAAGGCGACCACCTGGGCTCATACTGACACTGAGGTGCGA","Bacteria","Proteobacteria","Gammaproteobacteria","Pseudomonadales","Pseudomonadaceae","Pseudomonas",NA
"TCCGGAATTATTGGGCGTAAAGAGCTCGTAGGCGGCTGGTCGCGTCTGTCGTGAAATCCTCTGGCTTAACTGGGGGCTTGCGGTGGGTACGGGCCGGCTTGAGTGCGGTAGGGGAGACTGGAACTCCTGGTGTAGCGGTGGAATGCGCAGATATCAGGAAGAACACCGGTGGCGAAGGCGGGTCTCTGGGCCGTTACTGACGCTGAGGAGCGA","Bacteria","Actinobacteriota","Actinobacteria","Actinomycetales","Actinomycetaceae","Actinomyces",NA
"TTCGGATTTACTGGGCGTAAAGCGCACGTAGGCGGTTTGTTAAGTCAGGGGTGAAATCCCGGAGCTCAACTCCGGAACTGCCTTTGATACTGGCAAGCTAGAGTCCGGAAGAGGTAAGTGGAACTCCTAGTGTAGAGGTGGAATTCGTAGATATTAGGAAGAACACCAGTGGCGAAGGCGGCTTACTGGTCCGGAACTGACGCTGAGGTGCGA","Bacteria","Proteobacteria","Alphaproteobacteria","Rhizobiales","Devosiaceae","Devosia",NA
"CTCGGAATTACTGGGCGTAAAGGGCGCGTAGGCGGATCGTTAAGTCAGGGGTGAAATCCCGGGGCTCAACCTCGGAACTGCCCTTGATACTGGCGATCTTGAGTATGAGAGAGGTATATGGAACTCCGAGTGTAGAGGTGAAATTCGTAGATATTCGGAAGAACACCAGTGGCGAAGGCGACATACTGGCTCATTACTGACGCTGAGGCGCGA","Bacteria","Proteobacteria","Alphaproteobacteria","Caulobacterales","Caulobacteraceae","Brevundimonas",NA
"TCCGGAATTACTGGGCGTAAAGAGCTCGTAGGCGGTTTGTCGCGTCGTCTGTGAAATTCTGCAACTCAATTGCAGGCGTGCAGGCGATACGGGCAGACTTGAGTACTACAGGGGAGACTGGAATTCCTGGTGTAGCGGTGAAATGCGCAGATATCAGGAGGAACACCGGTGGCGAAGGCGGGTCTCTGGGTAGTAACTGACGCTGAGGAGCGA","Bacteria","Actinobacteriota","Actinobacteria","Corynebacteriales","Nocardiaceae","Gordonia",NA
"TCCGGAATCATTGGGTTTAAAGGGTCCGCAGGCGGGTTTATAAGTCAGTGGTGAAAGCCTACAGCTAAACTGTAGAACTGCCATTGAAACTGTAGATCTTGAATTCGGTCGAAGTGGGCGGAATATGACATGTAGCGGTGAAATGCTTAGATATGTCATAGAACACCGATAGCGAAGGAAGCTCACTAGGCCTGGATTGACGCTCAGGGACGA","Bacteria","Bacteroidota","Bacteroidia","Flavobacteriales","Crocinitomicaceae","Fluviicola",NA
"CTCGGAATTACTGGGCGTAAAGGGCGCGTAGGCGGCTTAGTTAGTCAGGCGTGAAATTCCTGGGCTCAACCTGGGGACTGCGCTTGATACGGCTAGGCTAGAGGATGGAAGAGGGTCGCGGAATTCCCAGTGTAGAGGTGAAATTCGTAGATATTGGGAAGAACACCGGTGGCGAAGGCGGCGACCTGGTCCATTACTGACGCTGAGGCGCGA","Bacteria","Proteobacteria","Alphaproteobacteria","Acetobacterales","Acetobacteraceae","Roseomonas","aquatica"
"TCCGGAATTATTGGGCGTAAAGCGCGCGCAGGCGGATCAGTTAGTCTGTCTTAAAAGTTCGGGGCTTAACCCCGTGATGGGATGGAAACTGCTGATCTAGAGTATCGGAGAGGAAAGTGGAATTCCTAGTGTAGCGGTGAAATGCGTAGATATTAGGAAGAACACCAGTGGCGAAGGCGACTTTCTGGACGAAAACTGACGCTGAGGCGCGA","Bacteria","Firmicutes","Negativicutes","Veillonellales-Selenomonadales","Veillonellaceae","Veillonella",NA
"TCCGGAATCATTGGGCGTAAAGGGAGCGCAGGCGGGCATGTAAGTCTTTCTTAAAAGTGCGGGGCTCAACCCCGTGATGGGAAAGAAACTACATGTCTTGAGTACAGGAGAGGAAAGCGGAATTCCCAGTGTAGCGGTGAAATGCGTAGATATTGGGAGGAACACCAGTGGCGAAGGCGGCTTTCTGGACTGCAACTGACGCTGAGGCTCGA","Bacteria","Firmicutes","Negativicutes","Veillonellales-Selenomonadales","Selenomonadaceae","Centipeda",NA
"TCCGGAATTACTGGGCGTAAAGAGCTCGTAGGTGGTTTGTCGCGTTGTTCGTGAAAACTCACAGCTTAACTGTGGGCGTGCGGGCGATACGGGCAGACTGGAGTACTGCAGGGGAGACTGGAATTCCTGGTGTAGCGGTGGAATGCGCAGATATCAGGAGGAACACCGGTGGCGAAGGCGGGTCTCTGGGCAGTAACTGACGCTGAGGAGCGA","Bacteria","Actinobacteriota","Actinobacteria","Corynebacteriales","Mycobacteriaceae","Mycobacterium",NA
"TCCGGATTTACTGGGCGTAAAGTGTACGTAGCCTGATATGTAAGTCTGTTTTCAAATACCTCAGCTCAACTGAGGAAAGGGAATAGATACTGCATATCTAGAGATATTTGGGGGTTAGTGGAATTTCCGGTGGAGCGGTGAAATGCGTTGATATCGGAAAGAACGCCGAAAGCGAAAGCAGCTAACTACAATACATCTGACGGTGAGGTACGA","Bacteria","Patescibacteria","Gracilibacteria","Absconditabacteriales (SR1)",NA,NA,NA
"ATCGGAATTACTGGGCGTAAAGCGAGCGTAGGTGGTTACTTAAGTCAGATGTGAAAGCCCCGGGCTTAACCTGGGAACTGCATCTGATACTGGGTAACTAGAGTAGGTGAGAGGGAAGTAGAATTCCAGGTGTAGCGGTGAAATGCGTAGAGATCTGGAGGAATACCGATGGCGAAGGCAGCTTCCTGGCATCATACTGACACTGAGGTTCGA","Bacteria","Proteobacteria","Gammaproteobacteria","Pseudomonadales","Moraxellaceae","Moraxella",NA
"TGTGTGCCAGCCGCCGCGGTAATACGTAGGTGGCAAGCGTTATCCGGATTTATTGGGCGTAAAGAGAGTGCAGGCGGTTTTCTAAGTCTGATGTGAAAGCCTTCGGCTTAACCGGAGAAGTGCATCGGAAACTGGATAACTTGAGTGCAGAAGAGGGTAGTGGAACTCCATGTGACTCGAAAGCATGGGTAGCGAACAGGATTAGAAACCCGCGTAGTCCGGCTGGCTGACTATCTCGTATGCCGTCTTCTG","Bacteria","Firmicutes","Bacilli","Lactobacillales","Lactobacillaceae","Lactobacillus",NA
"TCCGGAATTATTGGGCGTAAAGCGTCCGCAGGCGGCCTTGTAAGTCTGTCGTTAAAGCGTGGAGCTTAACTCCATTTCAGCGATGGAAACTACAAGGCTTGAGTGTGGTAGGGGCAGAGGGAATTCCCGGTGTAGCGGTGAAATGCGTAGATATCGGGAAGAACACCAGTGGCGAAGGCGCTCTGCTGGGCCATAACTGACGCTCATGGACGA","Bacteria","Cyanobacteria","Cyanobacteriia","Synechococcales","Cyanobiaceae","Cyanobium PCC-6307","gracile"
"ATCGGAATTACTGGGCGTAAAGCGTGCGCAGGCGGTTATTCAAGACAGATGTGAAATCCCCGGGCTCAACCTGGGAACTGCATTTGTGACTGGATGACTAGAGTACGGCAGAGGGGGATGGAATTCCGCGTGTAGCAGTGAAATGCGTAGATATGCGGAGGAACACCGATGGCGAAGGCAATCCCCTGGGCCTGTACTGACGCTCATGCACGA","Bacteria","Proteobacteria","Gammaproteobacteria","Burkholderiales","Comamonadaceae",NA,NA
"TCCGGATTTATTGGGCGTAAAGCGCGTCTAGGTGGTTATGTAAGTCTGATGTGAAAATGCAGGGCTCAACTCTGTATTGCGTTGGAAACTGTGTAACTAGAGTACTGGAGAGGTAAGCGGAACTACAAGTGTAGAGGTGAAATTCGTAGATATTTGTAGGAATGCCGATGGGGAAGCCAGCTTACTGGACAGATACTGACGCTAAAGCGCGA","Bacteria","Fusobacteriota","Fusobacteriia","Fusobacteriales","Fusobacteriaceae","Fusobacterium",NA
"TCCGGATTTACTGGGCGTAAAGAGCGCGCAGGCGGTCGAGTAAGTCGAATGTGAAAGCCCCCGGCTCAACTGGGGAGGGTCATTCGATACTGTTCGACTTGAAGGCAGGAGAGGGCAGCAGAATTCCCGGTGTAGTGGTGAAATGCGTAGATATCGGGAGGAATACCAGTGGCGAAGGCGGCTGCCTGGCCTGTTCTTGACGCTGAGGCGCGA","Bacteria","Chloroflexi","KD4-96",NA,NA,NA,NA
"TCCGGAATCACTGGGCATAAAGCGTCTGTAGGTCGCCTACCAAGTCTGCTGTTAAAGATCAGGGCCTAACCCTGGGAAAGCAGTTGAAACTAGTAGGCTTGAGTATGGTAGAGGTAGAGGGAATTCCTGGTGTAGCGGTGAAATGCGTAGATATTAGGAAGAACACCAATGGCGAAAGCACTCTACTGGGCCATAACTGACACTGAGAGACGA","Bacteria","Cyanobacteria","Cyanobacteriia","Chloroplast",NA,NA,NA
"TCCGGAATTATTGGGCGTAAAGCGCGCGCAGGCGGATCAGTCAGTCTGTCTTAAAAGTTCGGGGCTTAACCCCGTGATGGGATGGAAACTGCTGATCTAGAGTATCGGAGAGGAAAGTGGAATTCCTAGTGTAGCGGTGAAATGCGTAGATATTAGGAAGAACACCAGTGGCGAAGGCGACTTTCTGGACGAACACTGACGCTGAGGCGCGA","Bacteria","Firmicutes","Negativicutes","Veillonellales-Selenomonadales","Veillonellaceae","Veillonella",NA
"TTCGGAATCACTGGGCGTAAAGCGCACGTAGGCGGCTATTCAAGTCAGGGGTGAAAGCCCGGGGCTCAACCCCGGAACTGCCTTTGAAACTAGATAGCTTGAATCTTGGAGAGGCGAGTGGAATTCCGAGTGTAGAGGTGAAATTCGTAGATATTCGGAAGAACACCAGTGGTGAAGGCGACTCGCTGGACAAGTATTGACGCTGAGGTGCGA","Bacteria","Proteobacteria","Alphaproteobacteria","Sphingomonadales","Sphingomonadaceae","Blastomonas",NA
"TTCGGAATTACTGGGCATAAAGAGTACGTAGGCGGTGATTCAAGTCAGAGGTGAAAGCCTGGAGCTCAACTCCAGAACTGCCTTTGAAACTAGATCGCTAGAATTATGGAGAGGTTAGTGGAATTCCGAGTGTAGAGGTGAAATTCGTAGATATTCGGAAGAACACCAGTGGCGAAGGCGACTAACTGGACATATATTGACGCTGAGGTACGA","Bacteria","Proteobacteria","Alphaproteobacteria","Sphingomonadales","Sphingomonadaceae","Sphingorhabdus",NA
"CTCGGAATCACTGGGCGTAAAGGACGCGTAGGCGGATTATCAAGTCTCTTGTGAAATCTAACGGCTTAACCGTTAAACTGCTTGGGAAACTGATAATCTAGAGTAAGGGAGAGGCAGATGGAATTCTTGGTGTAGGGGTAAAATCCGTAGAGATCAAGAAGAATACCCATTGCGAAAGCGATCTGCTGGAACTTAACTGACGCTAATGCGTGA","Bacteria","Campilobacterota","Campylobacteria","Campylobacterales","Campylobacteraceae","Campylobacter",NA
"ATTGTGTGTCAGCAGCCGCGGTAAGACTTAAGGATTTATTTTTTAATAAAAAGCAAAAAGCGTGTTAAGGATTTTTTAAAAAAAAAAATAAATAGAATTTTTTTCGTAATTGTAATATGTTAAAATGAAAAAAAGAATTTTTTATATGAAGATAATTTATTTTTTTTTTCTTAAATACGAAGGTTTGGGGAGCAAATAGGATTAGAAACCCCGGTAGTCCGGCTGGCTGACTATCTCGTATGCCGTCTTCTGCT","Bacteria","Proteobacteria","Alphaproteobacteria","Rickettsiales","Mitochondria",NA,NA
"TTCGGAATTACTGGGCGTAAAGGGCGCGTAGGCGGCCTTCTAAGTCGGACGTGAAAGCCCCAGGCTTAACCTGGGAACTGCGTCCGATACTGGGAGGCTTGGATTCGGGAGAGGGATGTGGAATTCCAGGTGTAGCGGTGAAATGCGTAGATATCTGGAGGAACACCGGTGGCGAAGGCGGCATCCTGGACCGAGATCGACGCTGAGGCGCGA","Bacteria","Acidobacteriota","Vicinamibacteria","Vicinamibacterales","Vicinamibacteraceae",NA,NA
"TTCCTCTTGATTGGGCGTAAAGGGTGTGTAGGTGGTATAATAAGTTAGAAATAAAAAACTATGCTTATCAATTTCAAATTTCTAAAACTATTATTCTAGAGTACTAATAAAGATAATGGAATTTCTTGCATCAGAGTTAAAATGTGTTTACACAAGAGGGAACCCCAAAGGCGAAAGCAATTATCTAATTAGTTCTGACACTGAGACACGA","Bacteria","Proteobacteria","Alphaproteobacteria","Rickettsiales","Mitochondria",NA,NA
"TCCGGATTTATTGGGTTTAAAGGGTGCGTAGGTGGCTTGTTAAGTCAGCGGTGAAAGGTTCGAGCTCAACTTGGATATTGCCGCTGAAACTGGCGAGCTTGAGTGTAGATGAGGTAGGCGAAATGCAAGGTGTAGCGGTGAAATGCTTAGATATCATGCAGAACTCCGATTGCGAAGGCAGCTTACTAAGGTACAACTGACACTGAAGCACGA","Bacteria","Bacteroidota","Bacteroidia","Bacteroidales","Porphyromonadaceae","Porphyromonas",NA
