sample_name,golay_index_barcode,primer_name,full_primer_sequence,sample_id,DNA_conc,is.neg,sample_origin,anti_coagulant,subject_id,extraction_batch,dna_extraction_kit
s001,AACGATCATAGA,515rcbc348,AATGATACGGCGACCACCGAGATCTACACGCTCTCACCTAGGAATATGGTAATTGTGTGYCAGCMGCCGCGGTAA,blank1,1.58,TRUE,extraction_blank,NA,ext_bl1,1,QiaAMP DNA minikit
s002,TAGGACGGGAGT,515rcbc349,AATGATACGGCGACCACCGAGATCTACACGCTAGATGCAATGATTATGGTAATTGTGTGYCAGCMGCCGCGGTAA,MC_KB_03_stock,11.89,FALSE,mock_community,NA,MC0,1,QiaAMP DNA minikit
s003,AAGTCTTATCTC,515rcbc350,AATGATACGGCGACCACCGAGATCTACACGCTGCATTCGGCGTTTATGGTAATTGTGTGYCAGCMGCCGCGGTAA,MC_KB_03_001,6.18,FALSE,mock_community,NA,MC1,1,QiaAMP DNA minikit
s004,TTGCACCGTCGA,515rcbc351,AATGATACGGCGACCACCGAGATCTACACGCTTCTACATACATATATGGTAATTGTGTGYCAGCMGCCGCGGTAA,MC_KB_03_002,7.73,FALSE,mock_community,NA,MC2,1,QiaAMP DNA minikit
s005,CTCCGAACAACA,515rcbc352,AATGATACGGCGACCACCGAGATCTACACGCTGAGTCTTGGTAATATGGTAATTGTGTGYCAGCMGCCGCGGTAA,MC_KB_03_003,14.9,FALSE,mock_community,NA,MC3,1,QiaAMP DNA minikit
s006,TCTGGCTACGAC,515rcbc353,AATGATACGGCGACCACCGAGATCTACACGCTCAGTCTAGTACGTATGGTAATTGTGTGYCAGCMGCCGCGGTAA,MC_KB_03_004,13.57,FALSE,mock_community,NA,MC4,1,QiaAMP DNA minikit
s007,AGTAGTTTCCTT,515rcbc354,AATGATACGGCGACCACCGAGATCTACACGCTGTTCGAGTGAATTATGGTAATTGTGTGYCAGCMGCCGCGGTAA,MC_KB_03_005,7.98,FALSE,mock_community,NA,MC5,1,QiaAMP DNA minikit
s008,CAGATCCCAACC,515rcbc355,AATGATACGGCGACCACCGAGATCTACACGCTAGTCCGAGTTGTTATGGTAATTGTGTGYCAGCMGCCGCGGTAA,MC_KB_03_006,6.49,FALSE,mock_community,NA,MC6,1,QiaAMP DNA minikit
s009,GATAGCACTCGT,515rcbc356,AATGATACGGCGACCACCGAGATCTACACGCTCGTGAGGACCAGTATGGTAATTGTGTGYCAGCMGCCGCGGTAA,MC_KB_03_007,7.81,FALSE,mock_community,NA,MC7,1,QiaAMP DNA minikit
s010,GTAATTGTAATT,515rcbc357,AATGATACGGCGACCACCGAGATCTACACGCTCGGTTGGCGGGTTATGGTAATTGTGTGYCAGCMGCCGCGGTAA,MC_KB_03_008,3.37,FALSE,mock_community,NA,MC8,1,QiaAMP DNA minikit
s011,TGCTACAGACGT,515rcbc358,AATGATACGGCGACCACCGAGATCTACACGCTCGATTCCTTAATTATGGTAATTGTGTGYCAGCMGCCGCGGTAA,MC_KB_03_009,1.43,FALSE,mock_community,NA,MC9,1,QiaAMP DNA minikit
s012,AGGTGAGTTCTA,515rcbc359,AATGATACGGCGACCACCGAGATCTACACGCTTGCCTGCTCGACTATGGTAATTGTGTGYCAGCMGCCGCGGTAA,MC_KB_03_010,1.74,FALSE,mock_community,NA,MC10,1,QiaAMP DNA minikit
s013,GTTTGGCCACAC,515rcbc360,AATGATACGGCGACCACCGAGATCTACACGCTTACTGTACTGTTTATGGTAATTGTGTGYCAGCMGCCGCGGTAA,HP9_EDTA,3.77,FALSE,blood,EDTA,E9A,2,QiaAMP DNA minikit
s014,GTCCTACACAGC,515rcbc361,AATGATACGGCGACCACCGAGATCTACACGCTTCTCGCACTGGATATGGTAATTGTGTGYCAGCMGCCGCGGTAA,HP9_heparin,4.14,FALSE,blood,heparain,H9A,2,QiaAMP DNA minikit
s015,ATTTACAATTGA,515rcbc362,AATGATACGGCGACCACCGAGATCTACACGCTACCAGTGACTCATATGGTAATTGTGTGYCAGCMGCCGCGGTAA,HP13_EDTA,4.05,FALSE,blood,EDTA,E13A,2,QiaAMP DNA minikit
s016,CCACTGCCCACC,515rcbc363,AATGATACGGCGACCACCGAGATCTACACGCTTGGCGCACGGACTATGGTAATTGTGTGYCAGCMGCCGCGGTAA,HP13_heparin,4.06,FALSE,blood,heparain,H13A,2,QiaAMP DNA minikit
s017,ATAGTTAGGGCT,515rcbc364,AATGATACGGCGACCACCGAGATCTACACGCTCATTTACATCACTATGGTAATTGTGTGYCAGCMGCCGCGGTAA,HP17_EDTA,9.16,FALSE,blood,EDTA,E17A,2,QiaAMP DNA minikit
s018,GACCCGTTTCGC,515rcbc365,AATGATACGGCGACCACCGAGATCTACACGCTGTGGGACTGCGCTATGGTAATTGTGTGYCAGCMGCCGCGGTAA,HP17_heparin,10.95,FALSE,blood,heparain,H17A,2,QiaAMP DNA minikit
s019,TGACTGCGTTAG,515rcbc366,AATGATACGGCGACCACCGAGATCTACACGCTCGGCCTAAGTTCTATGGTAATTGTGTGYCAGCMGCCGCGGTAA,HP9_heparin,2.73,FALSE,blood,NA,H9B,2,QiaAMP DNA minikit
s020,ACGTTAATATTC,515rcbc367,AATGATACGGCGACCACCGAGATCTACACGCTGCTGAGCCTTTGTATGGTAATTGTGTGYCAGCMGCCGCGGTAA,HP9_EDTA,6.48,FALSE,blood,heparain,E9B,2,QiaAMP DNA minikit
s021,TCTAACGAGTGC,515rcbc368,AATGATACGGCGACCACCGAGATCTACACGCTAGAGACGCGTAGTATGGTAATTGTGTGYCAGCMGCCGCGGTAA,HP13_EDTA,4.3,FALSE,blood,EDTA,E13B,2,QiaAMP DNA minikit
s022,TCATCTTGATTG,515rcbc369,AATGATACGGCGACCACCGAGATCTACACGCTCCACCGGGCCGATATGGTAATTGTGTGYCAGCMGCCGCGGTAA,extraction_blank2,4.63,TRUE,extraction_blank,NA,ext_bl2,2,QiaAMP DNA minikit
s023,GATCCCACGTAC,515rcbc370,AATGATACGGCGACCACCGAGATCTACACGCTAATCCGGTCACCTATGGTAATTGTGTGYCAGCMGCCGCGGTAA,HP13_heparin,4.31,FALSE,blood,heparin,H13B,3,QiaAMP DNA minikit
s024,CCGCCAGCTTTG,515rcbc371,AATGATACGGCGACCACCGAGATCTACACGCTTCTTACCCATAATATGGTAATTGTGTGYCAGCMGCCGCGGTAA,HP17_EDTA,3.55,FALSE,blood,EDTA,E17B,3,QiaAMP DNA minikit
s025,TATATAGTATCC,515rcbc372,AATGATACGGCGACCACCGAGATCTACACGCTCTAGAGCTCCCATATGGTAATTGTGTGYCAGCMGCCGCGGTAA,HP17_heparin,1.56,FALSE,blood,heparin,H17B,3,QiaAMP DNA minikit
s026,ACTGTTTACTGT,515rcbc373,AATGATACGGCGACCACCGAGATCTACACGCTGGTCTTAGCACCTATGGTAATTGTGTGYCAGCMGCCGCGGTAA,HP9_heparin,1.01,FALSE,blood,NA,H9C,3,QiaAMP DNA minikit
s027,GTCACGGACATT,515rcbc374,AATGATACGGCGACCACCGAGATCTACACGCTGCCTACTCTCGGTATGGTAATTGTGTGYCAGCMGCCGCGGTAA,HP9_EDTA,2.08,FALSE,blood,heparin,E9C,3,QiaAMP DNA minikit
s028,GAATATACCTGG,515rcbc375,AATGATACGGCGACCACCGAGATCTACACGCTACTGCCCGATACTATGGTAATTGTGTGYCAGCMGCCGCGGTAA,HP13_EDTA,3.35,FALSE,blood,EDTA,E13C,3,QiaAMP DNA minikit
s029,GAATCTGACAAC,515rcbc376,AATGATACGGCGACCACCGAGATCTACACGCTTTCTTAACGCCTTATGGTAATTGTGTGYCAGCMGCCGCGGTAA,HP13_heparin,8.09,FALSE,blood,EDTA,H13C,3,QiaAMP DNA minikit
s030,ATTGCCTTGATT,515rcbc377,AATGATACGGCGACCACCGAGATCTACACGCTCTCCCGAGCTCCTATGGTAATTGTGTGYCAGCMGCCGCGGTAA,HP17_EDTA,2.55,FALSE,blood,heparin,E17C,3,QiaAMP DNA minikit
s031,GAGCCCAAAGAG,515rcbc378,AATGATACGGCGACCACCGAGATCTACACGCTCTCACCTAGGAATATGGTAATTGTGTGYCAGCMGCCGCGGTAA,HP17_heparin,2.23,FALSE,blood,EDTA,H17C,3,QiaAMP DNA minikit
s032,GTCAGTATGGCT,515rcbc379,AATGATACGGCGACCACCGAGATCTACACGCTAGATGCAATGATTATGGTAATTGTGTGYCAGCMGCCGCGGTAA,extraction_blank3,0.01,TRUE,extraction_blank,NA,ext_bl3,3,QiaAMP DNA minikit
s033,CCATGTGGCTCC,515rcbc380,AATGATACGGCGACCACCGAGATCTACACGCTGCATTCGGCGTTTATGGTAATTGTGTGYCAGCMGCCGCGGTAA,1007_Day0_0001,0.38,FALSE,blood,heparin,7A_D0,4,QiaAMP DNA minikit
s034,CGTTCCTTGTTA,515rcbc381,AATGATACGGCGACCACCGAGATCTACACGCTTCTACATACATATATGGTAATTGTGTGYCAGCMGCCGCGGTAA,1007_Day0_0001,0.37,FALSE,blood,heparin,7B_D0,4,QiaAMP DNA minikit
s035,CGCTAGGATGTT,515rcbc382,AATGATACGGCGACCACCGAGATCTACACGCTGAGTCTTGGTAATATGGTAATTGTGTGYCAGCMGCCGCGGTAA,1007_Day0_0001,0.51,FALSE,blood,heparin,7C_D0,4,QiaAMP DNA minikit
s036,AGCGGTAGCGGT,515rcbc383,AATGATACGGCGACCACCGAGATCTACACGCTCAGTCTAGTACGTATGGTAATTGTGTGYCAGCMGCCGCGGTAA,1006_Day0_E2,0.3,FALSE,blood,heparin,6A_D0,4,QiaAMP DNA minikit
s037,CATAAGGGAGGC,515rcbc384,AATGATACGGCGACCACCGAGATCTACACGCTGTTCGAGTGAATTATGGTAATTGTGTGYCAGCMGCCGCGGTAA,1006_Day0_E2,0.39,FALSE,blood,heparin,6B_D0,4,QiaAMP DNA minikit
s038,CAGGCCACTCTC,515rcbc385,AATGATACGGCGACCACCGAGATCTACACGCTAGTCCGAGTTGTTATGGTAATTGTGTGYCAGCMGCCGCGGTAA,1006_Day0_E2,0.91,FALSE,blood,heparin,6C_D0,4,QiaAMP DNA minikit
s039,ACAGTTGTACGC,515rcbc386,AATGATACGGCGACCACCGAGATCTACACGCTCGTGAGGACCAGTATGGTAATTGTGTGYCAGCMGCCGCGGTAA,1008_Day21,0.68,FALSE,blood,heparin,8A_D21,4,QiaAMP DNA minikit
s040,ACCAGAAATGTC,515rcbc387,AATGATACGGCGACCACCGAGATCTACACGCTCGGTTGGCGGGTTATGGTAATTGTGTGYCAGCMGCCGCGGTAA,1008_Day21,1.03,FALSE,blood,heparin,8B_D21,4,QiaAMP DNA minikit
s041,CTCATCATGTTC,515rcbc388,AATGATACGGCGACCACCGAGATCTACACGCTCGATTCCTTAATTATGGTAATTGTGTGYCAGCMGCCGCGGTAA,1008_Day21,1.43,FALSE,blood,heparin,8C_D21,4,QiaAMP DNA minikit
s042,TTAGGATTCTAT,515rcbc389,AATGATACGGCGACCACCGAGATCTACACGCTTGCCTGCTCGACTATGGTAATTGTGTGYCAGCMGCCGCGGTAA,extraction_blank4,2.43,TRUE,extraction_blank,NA,ext_bl4,4,QiaAMP DNA minikit
s043,TCTTACCCATAA,515rcbc390,AATGATACGGCGACCACCGAGATCTACACGCTTACTGTACTGTTTATGGTAATTGTGTGYCAGCMGCCGCGGTAA,4052_010,12.52,FALSE,stool,NA,4052_010,5,Powersoil pro
s044,CAGCCCTACCCA,515rcbc391,AATGATACGGCGACCACCGAGATCTACACGCTTCTCGCACTGGATATGGTAATTGTGTGYCAGCMGCCGCGGTAA,4052_009,8.42,FALSE,stool,NA,4052_009,5,Powersoil pro
s045,TCGTTGGGACTA,515rcbc392,AATGATACGGCGACCACCGAGATCTACACGCTACCAGTGACTCATATGGTAATTGTGTGYCAGCMGCCGCGGTAA,4052_012,12.19,FALSE,stool,NA,4052_012,5,Powersoil pro
s046,AATCCGGTCACC,515rcbc393,AATGATACGGCGACCACCGAGATCTACACGCTTGGCGCACGGACTATGGTAATTGTGTGYCAGCMGCCGCGGTAA,extraction_blank5,1.12,TRUE,extraction_blank,NA,ext_bl5,5,Powersoil pro
s047,CAACGAACCATC,515rcbc394,AATGATACGGCGACCACCGAGATCTACACGCTCATTTACATCACTATGGTAATTGTGTGYCAGCMGCCGCGGTAA,1003_Day0_E1,1.66,FALSE,blood,heparin,3A_D0,6,QiaAMP DNA minikit
s048,ACACGTTTGGGT,515rcbc395,AATGATACGGCGACCACCGAGATCTACACGCTGTGGGACTGCGCTATGGTAATTGTGTGYCAGCMGCCGCGGTAA,1003_Day0_E1,0.96,FALSE,blood,heparin,3B_D0,6,QiaAMP DNA minikit
s049,CGTCGCAGCCTT,515rcbc396,AATGATACGGCGACCACCGAGATCTACACGCTCGGCCTAAGTTCTATGGTAATTGTGTGYCAGCMGCCGCGGTAA,1003_Day0_E1,0.48,FALSE,blood,heparin,3C_D0,6,QiaAMP DNA minikit
s050,CTACTTACATCC,515rcbc397,AATGATACGGCGACCACCGAGATCTACACGCTGCTGAGCCTTTGTATGGTAATTGTGTGYCAGCMGCCGCGGTAA,1005_Day0_E1,1.12,FALSE,blood,heparin,5A_D0,6,QiaAMP DNA minikit
s051,CGCACGTACCTC,515rcbc398,AATGATACGGCGACCACCGAGATCTACACGCTAGAGACGCGTAGTATGGTAATTGTGTGYCAGCMGCCGCGGTAA,1005_Day0_E1,1.7,FALSE,blood,heparin,5B_D0,6,QiaAMP DNA minikit
s052,GTCCTCGCGACT,515rcbc399,AATGATACGGCGACCACCGAGATCTACACGCTCCACCGGGCCGATATGGTAATTGTGTGYCAGCMGCCGCGGTAA,1005_Day0_E1,1.79,FALSE,blood,heparin,5C_D0,6,QiaAMP DNA minikit
s053,GTGCAACCAATC,515rcbc400,AATGATACGGCGACCACCGAGATCTACACGCTAATCCGGTCACCTATGGTAATTGTGTGYCAGCMGCCGCGGTAA,1005_Day14_E2,1.65,FALSE,blood,heparin,5A_D14,6,QiaAMP DNA minikit
s054,ACCCAAGCGTTA,515rcbc401,AATGATACGGCGACCACCGAGATCTACACGCTTCTTACCCATAATATGGTAATTGTGTGYCAGCMGCCGCGGTAA,1005_Day14_E2,0.38,FALSE,blood,heparin,5B_D14,6,QiaAMP DNA minikit
s055,ACTGGCAAACCT,515rcbc402,AATGATACGGCGACCACCGAGATCTACACGCTCTAGAGCTCCCATATGGTAATTGTGTGYCAGCMGCCGCGGTAA,1005_Day14_E2,0.68,FALSE,blood,heparin,5C_D14,6,QiaAMP DNA minikit
s056,AACACCATCGAC,515rcbc403,AATGATACGGCGACCACCGAGATCTACACGCTGGTCTTAGCACCTATGGTAATTGTGTGYCAGCMGCCGCGGTAA,extraction_blank6,3.94,TRUE,extraction_blank,NA,ext_bl6,6,QiaAMP DNA minikit
s057,TTATCCAGTCCT,515rcbc404,AATGATACGGCGACCACCGAGATCTACACGCTGCCTACTCTCGGTATGGTAATTGTGTGYCAGCMGCCGCGGTAA,CMT_233_v3,0.87,FALSE,urine,NA,kb_233_v3,7,QiaAMP DNA minikit
s058,GTTTATCTTAAG,515rcbc405,AATGATACGGCGACCACCGAGATCTACACGCTACTGCCCGATACTATGGTAATTGTGTGYCAGCMGCCGCGGTAA,CMT_228_v2,4.74,FALSE,urine,NA,kb_228_v2,7,QiaAMP DNA minikit
s059,GTTCGCCGCATC,515rcbc406,AATGATACGGCGACCACCGAGATCTACACGCTTTCTTAACGCCTTATGGTAATTGTGTGYCAGCMGCCGCGGTAA,CMT_116_v2,0.74,FALSE,urine,NA,kb_116_v2,7,QiaAMP DNA minikit
s060,AGACTATTTCAT,515rcbc407,AATGATACGGCGACCACCGAGATCTACACGCTCTCCCGAGCTCCTATGGTAATTGTGTGYCAGCMGCCGCGGTAA,CMT_125_v3,0.56,FALSE,urine,NA,kb_125_v3,7,QiaAMP DNA minikit
s061,AGCGATTCCTCG,515rcbc408,AATGATACGGCGACCACCGAGATCTACACGCTCTCACCTAGGAATATGGTAATTGTGTGYCAGCMGCCGCGGTAA,CMT_141_v3,4.14,FALSE,urine,NA,kb_141_v3,7,QiaAMP DNA minikit
s062,ACCACCGTAACC,515rcbc409,AATGATACGGCGACCACCGAGATCTACACGCTAGATGCAATGATTATGGTAATTGTGTGYCAGCMGCCGCGGTAA,CMT_208_MRI,1.15,FALSE,urine,NA,kb_208_MRI,7,QiaAMP DNA minikit
s063,AGGAAGTAACTT,515rcbc410,AATGATACGGCGACCACCGAGATCTACACGCTGCATTCGGCGTTTATGGTAATTGTGTGYCAGCMGCCGCGGTAA,CMT_108_v1,0.81,FALSE,urine,NA,kb_108_v1,7,QiaAMP DNA minikit
s064,CGTTCGCTAGCC,515rcbc411,AATGATACGGCGACCACCGAGATCTACACGCTTCTACATACATATATGGTAATTGTGTGYCAGCMGCCGCGGTAA,CMT_144_v3,2.78,FALSE,urine,NA,kb_144_v3,7,QiaAMP DNA minikit
s065,CTCACCTAGGAA,515rcbc412,AATGATACGGCGACCACCGAGATCTACACGCTGAGTCTTGGTAATATGGTAATTGTGTGYCAGCMGCCGCGGTAA,CMT_128_MRI,0.53,FALSE,urine,NA,kb_128_MRI,7,QiaAMP DNA minikit
s066,AGATGCAATGAT,515rcbc413,AATGATACGGCGACCACCGAGATCTACACGCTCAGTCTAGTACGTATGGTAATTGTGTGYCAGCMGCCGCGGTAA,CMT_108_v2,0.26,FALSE,urine,NA,kb_108_v2,7,QiaAMP DNA minikit
s067,GCATTCGGCGTT,515rcbc414,AATGATACGGCGACCACCGAGATCTACACGCTGTTCGAGTGAATTATGGTAATTGTGTGYCAGCMGCCGCGGTAA,CMT_216_MRI,1.6,FALSE,urine,NA,kb_216_MRI,7,QiaAMP DNA minikit
s068,TCTACATACATA,515rcbc415,AATGATACGGCGACCACCGAGATCTACACGCTAGTCCGAGTTGTTATGGTAATTGTGTGYCAGCMGCCGCGGTAA,extraction_blank7,0.9,TRUE,extraction_blank,NA,ext_bl7,7,QiaAMP DNA minikit
s069,GAGTCTTGGTAA,515rcbc416,AATGATACGGCGACCACCGAGATCTACACGCTCGTGAGGACCAGTATGGTAATTGTGTGYCAGCMGCCGCGGTAA,CMT_116_v2,2.18,FALSE,urine,NA,116_v2,NA,Dneasy blood tissue kit
s070,CAGTCTAGTACG,515rcbc417,AATGATACGGCGACCACCGAGATCTACACGCTCGGTTGGCGGGTTATGGTAATTGTGTGYCAGCMGCCGCGGTAA,CMT_108_v1,4.27,FALSE,urine,NA,108_v1,NA,Dneasy blood tissue kit
s071,GTTCGAGTGAAT,515rcbc418,AATGATACGGCGACCACCGAGATCTACACGCTCGATTCCTTAATTATGGTAATTGTGTGYCAGCMGCCGCGGTAA,CMT_108_v2,4.19,FALSE,urine,NA,108_v2,NA,Dneasy blood tissue kit
s072,AGTCCGAGTTGT,515rcbc419,AATGATACGGCGACCACCGAGATCTACACGCTTGCCTGCTCGACTATGGTAATTGTGTGYCAGCMGCCGCGGTAA,CMT_141_v3,4.64,FALSE,urine,NA,141_v3,NA,Dneasy blood tissue kit
s073,CGTGAGGACCAG,515rcbc420,AATGATACGGCGACCACCGAGATCTACACGCTTACTGTACTGTTTATGGTAATTGTGTGYCAGCMGCCGCGGTAA,CMT_144_v3,0.5,FALSE,urine,NA,144_v3,NA,Dneasy blood tissue kit
s074,CGGTTGGCGGGT,515rcbc421,AATGATACGGCGACCACCGAGATCTACACGCTTCTCGCACTGGATATGGTAATTGTGTGYCAGCMGCCGCGGTAA,CMT_125_v3,0.59,FALSE,urine,NA,125_v3,NA,Dneasy blood tissue kit
s075,CGATTCCTTAAT,515rcbc422,AATGATACGGCGACCACCGAGATCTACACGCTACCAGTGACTCATATGGTAATTGTGTGYCAGCMGCCGCGGTAA,CMT_128_MRI,0.48,FALSE,urine,NA,128_MRI,NA,Dneasy blood tissue kit
s076,TGCCTGCTCGAC,515rcbc423,AATGATACGGCGACCACCGAGATCTACACGCTTGGCGCACGGACTATGGTAATTGTGTGYCAGCMGCCGCGGTAA,CMT_208_MRI,1.74,FALSE,urine,NA,208_MRI,NA,Dneasy blood tissue kit
s077,TACTGTACTGTT,515rcbc424,AATGATACGGCGACCACCGAGATCTACACGCTCATTTACATCACTATGGTAATTGTGTGYCAGCMGCCGCGGTAA,CMT_216_MRI,3.36,FALSE,urine,NA,216_MRI,NA,Dneasy blood tissue kit
s078,TCTCGCACTGGA,515rcbc425,AATGATACGGCGACCACCGAGATCTACACGCTGTGGGACTGCGCTATGGTAATTGTGTGYCAGCMGCCGCGGTAA,CMT_228_v2,1.43,FALSE,urine,NA,228_v2,NA,Dneasy blood tissue kit
s079,ACCAGTGACTCA,515rcbc426,AATGATACGGCGACCACCGAGATCTACACGCTCGGCCTAAGTTCTATGGTAATTGTGTGYCAGCMGCCGCGGTAA,CMT_233_v3,0.78,FALSE,urine,NA,233_v3,NA,Dneasy blood tissue kit
s080,TGGCGCACGGAC,515rcbc427,AATGATACGGCGACCACCGAGATCTACACGCTGCTGAGCCTTTGTATGGTAATTGTGTGYCAGCMGCCGCGGTAA,ctrl_batch2,6.28,TRUE,extraction_blank,NA,ms401_batch2,NA,Dneasy blood tissue kit
s081,CATTTACATCAC,515rcbc428,AATGATACGGCGACCACCGAGATCTACACGCTAGAGACGCGTAGTATGGTAATTGTGTGYCAGCMGCCGCGGTAA,ctrl_batch8,0.82,TRUE,extraction_blank,NA,ms401_batch8,NA,Dneasy blood tissue kit
s082,GTGGGACTGCGC,515rcbc429,AATGATACGGCGACCACCGAGATCTACACGCTCCACCGGGCCGATATGGTAATTGTGTGYCAGCMGCCGCGGTAA,ctrl_batch13,1.52,TRUE,extraction_blank,NA,ms401_batch13,NA,Dneasy blood tissue kit
s083,CGGCCTAAGTTC,515rcbc430,AATGATACGGCGACCACCGAGATCTACACGCTAATCCGGTCACCTATGGTAATTGTGTGYCAGCMGCCGCGGTAA,CMT_128_MRI,1.17,FALSE,urine,NA,ms624_128_MRI,NA,Dneasy blood tissue kit
s084,GCTGAGCCTTTG,515rcbc431,AATGATACGGCGACCACCGAGATCTACACGCTTCTTACCCATAATATGGTAATTGTGTGYCAGCMGCCGCGGTAA,CMT_228_v2,1.42,FALSE,urine,NA,ms624_228_v2,NA,Dneasy blood tissue kit
s085,AGAGACGCGTAG,515rcbc432,AATGATACGGCGACCACCGAGATCTACACGCTCTAGAGCTCCCATATGGTAATTGTGTGYCAGCMGCCGCGGTAA,CMT_208_MRI,0.82,FALSE,urine,NA,ms624_208_MRI,NA,Dneasy blood tissue kit
s086,CCACCGGGCCGA,515rcbc433,AATGATACGGCGACCACCGAGATCTACACGCTGGTCTTAGCACCTATGGTAATTGTGTGYCAGCMGCCGCGGTAA,ctrl_batch1,0.9,TRUE,extraction_blank,NA,ms624_batch1,NA,Dneasy blood tissue kit
s087,CTAGAGCTCCCA,515rcbc434,AATGATACGGCGACCACCGAGATCTACACGCTGCCTACTCTCGGTATGGTAATTGTGTGYCAGCMGCCGCGGTAA,ctrl_batch3,3.59,TRUE,extraction_blank,NA,ms624_batch3,NA,Dneasy blood tissue kit
s088,GGTCTTAGCACC,515rcbc435,AATGATACGGCGACCACCGAGATCTACACGCTACTGCCCGATACTATGGTAATTGTGTGYCAGCMGCCGCGGTAA,CMT_141_v3,5.43,FALSE,urine,NA,ms638_141_v3,NA,Dneasy blood tissue kit
s089,GCCTACTCTCGG,515rcbc436,AATGATACGGCGACCACCGAGATCTACACGCTTTCTTAACGCCTTATGGTAATTGTGTGYCAGCMGCCGCGGTAA,CMT_125_v3,5.59,FALSE,urine,NA,ms638_125_v3,NA,Dneasy blood tissue kit
s090,ACTGCCCGATAC,515rcbc437,AATGATACGGCGACCACCGAGATCTACACGCTCTCCCGAGCTCCTATGGTAATTGTGTGYCAGCMGCCGCGGTAA,CMT_144_v3,2.02,FALSE,urine,NA,ms638_144_v3,NA,Dneasy blood tissue kit
s091,TTCTTAACGCCT,515rcbc438,AATGATACGGCGACCACCGAGATCTACACGCTCTCACCTAGGAATATGGTAATTGTGTGYCAGCMGCCGCGGTAA,CMT_233_v3,0.9,FALSE,urine,NA,ms638_233_v3,NA,Dneasy blood tissue kit
s092,CTCCCGAGCTCC,515rcbc439,AATGATACGGCGACCACCGAGATCTACACGCTAGATGCAATGATTATGGTAATTGTGTGYCAGCMGCCGCGGTAA,ctrl_batch5,2.2,TRUE,extraction_blank,NA,ms638_batch5,NA,Dneasy blood tissue kit
s093,ACACACCCTGAC,515rcbc440,AATGATACGGCGACCACCGAGATCTACACGCTGCATTCGGCGTTTATGGTAATTGTGTGYCAGCMGCCGCGGTAA,ctrl_batch7,0.8,TRUE,extraction_blank,NA,ms638_batch7,NA,Dneasy blood tissue kit
s094,TATAGGCTCCGC,515rcbc441,AATGATACGGCGACCACCGAGATCTACACGCTTCTACATACATATATGGTAATTGTGTGYCAGCMGCCGCGGTAA,ctrl_batch9,0.84,TRUE,extraction_blank,NA,ms638_batch9,NA,Dneasy blood tissue kit
s095,ATAATTGCCGAG,515rcbc442,AATGATACGGCGACCACCGAGATCTACACGCTGAGTCTTGGTAATATGGTAATTGTGTGYCAGCMGCCGCGGTAA,ctrl_batch10,1.01,TRUE,extraction_blank,NA,ms638_batch10,NA,Dneasy blood tissue kit